WKT;name;description;timestamp;begin;end;altitudeMode;tessellate;extrude;visibility;drawOrder;icon
"POINT (-56.2198138 -34.8316863)";JA120 Centro de Salud Sayago ASSE CHLA EP;"Días y horarios: Lun a Vie de 08:30 a 13:00<br>Dirección: Camino Ariel 	5019	Quicuyo y Garzón  ";;;;;-1;0;-1;;
"POINT (-56.1314678 -34.8574731)";"JA121 ASSE	CHLA EP	Centro de Salud Unión";"Días y horarios: : Lun a Vie de 8:30 A 13:00 hrs.<br>Dirección: 2815	8 de Octubre y Mateo L. Cortes";;;;;-1;0;-1;;
"POINT (-56.1272807 -34.8387412)";"JA122 ASSE	CHLA EP	JARDINES DEL HIPÓDROMO";"Días y horarios: Lun a Vie de 08:00 a 12:00<br>Dirección: Malinas 	3843	Lutecia y Albania";;;;;-1;0;-1;;
"POINT (-56.1559196 -34.8363772)";"JA124	Las Acacias 	ASSE	CHLA EP 	Centro de Salud Misurraco (SANTA RITA)";"Días y horarios: Lun, Mar, Jue y Vie. de 08:30 a 13:00 hrs.<br>Dirección: Aparicio Saravia 3250, azotea de lima ex batallon";;;;;-1;0;-1;;
"POINT (-56.2311763 -34.8442074)";"JE116	Nuevo Paris Policlínica IMM Aquiles Lanza ";"Días y horarios: Lun, Mi, Juev y Vie de 09:00 a 12:00<br>Dirección: Iquique	820	 Emancipación y Arica";;;;;-1;0;-1;;
"POINT (-56.1739385 -34.8556617)";"JB124	Cerrito	ASSE	CHLA EP	Centro de Salud Dr Antonio Giordano";"Días y horarios:  Lu, Ma, Jue y Vie de 08:30 a 12:30 Hrs. y de 13:00 a 13:30 Hrs.<br>Dirección: San Martin 	3797	García de Zúñiga";;;;;-1;0;-1;;
"POINT (-54.381079 -33.23182)";"SS111	CP CHLA-EP TREINTA Y TRES";Días y horarios: Lun a Vie de 08:00 a 12:00<br>Dirección: Andrés Areguatí 1362 y Zufriategui y Manuel Lavalleja;;;;;-1;0;-1;;
"POINT (-54.384696 -33.232543)";"SS113	IAC Treinta y Tres";Días y horarios: Lun a Jue de 15:00 a 18:00<br>Dirección: Simón del Pino 1365 y Zufriategui y Basilio Araújo;;;;;-1;0;-1;;
"POINT (-55.142376 -33.100602)";"SA111	CERRO CHATO - HOSPITAL";Días y horarios: Lun y Mie de 9:00 a 12:00 Hrs.<br>Dirección: Fernando Botana y Ruta 19 Manuel Oribe s/n;;;;;-1;0;-1;;
"POINT (-56.621518 -34.63498)";PD112 AMSJ - Libertad;Días y horarios: Jueves de 14:45 a 18 hrs.<br>Dirección: Artigas 1102 y Ruta 1 y Bernardo Berro;;;;;-1;0;-1;;
"POINT (-56.719891 -34.345292)";"PA111	Colonia Etchepare";Días y horarios: Lun a Vie de 07:00 a 11:00<br>                                                    14:00 a 18:00<br>Dirección: Ruta 11 Km 79.500;;;;;-1;0;-1;;
"POINT (-56.614652 -34.628185)";"PD111	Centro Auxiliar Libertad";Días y horarios: Lun a Vie de 07:30 a 12:00 hrs.<br>Dirección: Avda. Gral Artigas 626 y 18 de Julio y Colon;;;;;-1;0;-1;;
"POINT (-58.03144 -33.251446)";QQ113  - CAMS MERCEDES;Días y horarios: Lun a Vie de 08:15 a11:45 Hrs. y de 15:00 a 17:45 Hrs.<br>Dirección: 18 de Julio 383;;;;;-1;0;-1;;
"POINT (-57.371893 -33.868681)";QC111 Sub C.P CHLA-EP CARDONA;"Días y horarios: Lun a Vie de  08:00 a 13:00 hrs.<br>Dirección: Santa Catalina 	 1480, Rogelio C Sosa y Mendiondo";;;;;-1;0;-1;;
"POINT (-56.705532 -34.341607)";"PP111	C.P CHLA-EP SAN JOSE";Días y Horarios: de Lun a Vie de 7:30 a 13:30.<br>Dirección: Carlos Larriera 358 y Vidal y Larrañaga;;;;;-1;0;-1;;
"POINT (-56.719891 -34.345292)";"PA111	Colonia Etchepare";Días y Horarios: Lun a Vie de 7:00 a 11:00 <br>                                                   14:00 a 18:00 <br>Dirección: Ruta 11 Km 79.500;;;;;-1;0;-1;;
"POINT (-56.614652 -34.628185)";"PD111	Centro Auxiliar Librtad";Días y horarios: Lun a Vie de 7:30  a12:00 <br>Dirección: Avda. Gral Artigas 626 y 18 de Julio y Colon;;;;;-1;0;-1;;
"POINT (-56.444342 -34.741172)";"PE117	CIRCULO CATOLICO-IMSJ";Días y horarios: Martes 08:15 a 10:30 hrs.<br>Dirección: Ruta 1 nueva km 32 esq La Querencia;;;;;-1;0;-1;;
"POINT (-54.381079 -33.23182)";"SS111	CP CHLA-EP TREINTA Y TRES";Días y horarios: Lun a Vie de 8:00 a 12:00  <br>Dirección: Andrés Areguatí 1362 y Zufriategui y Manuel Lavalleja;;;;;-1;0;-1;;
"POINT (-54.384696 -33.232543)";"SS113	IAC Treinta y Tres";Días y Horarios: Lun a Jue de 15:00 a 18:00 <br>Dirección: Simón del Pino 1366 y Zufriategui y Basilio Araújo;;;;;-1;0;-1;;
"POINT (-58.040893 -33.25322)";"QQ111	C.P CHLA-EP SORIANO";"Días y Horarios:  L, Mi, J y V  de 7:30 a 13:30, Martes de 7:30 a 13:00<br>Dirección: Sánchez s/n y Cerrito y Pedro González";;;;;-1;0;-1;;
"POINT (-58.214189 -33.532349)";"QD112	CAMS DOLORES";Días y horarios: Lun a Vie de 08:00 a 12:00 hrs.<br>Dirección: Carlos Puig 1480;;;;;-1;0;-1;;
"POINT (-56.458676 -30.402891)";"AA111	C.P CHLA-EP ARTIGAS";Días y horarios: Lun a Vie de  07:30 a 13:30 <br>Dirección: Eduardo M. Castro S/N ( Hospital Artigas);;;;;-1;0;-1;;
"POINT (-56.461463 -30.395417)";"AA114  IAMC		Gremeda ";Días y horario: Lun a Vie de 13:00 a 17:00<br>Dirección: 18 de julio s/n esq Garzón;;;;;-1;0;-1;;
"POINT (-57.595162 -30.257733)";AB111Sub C.P CHLA-EP - BELLA UNION;"Días y horarios: Lun a Vie de  07:30 a 13:30<br>Dirección: Treinta y tres, esquina Atilio Fernandiz";;;;;-1;0;-1;;
"POINT (-56.46609 -30.426936)";AE112 IMA- Cerro Ejido;Días y horarios: Lun a Vie de 08:00 a 12:00<br>Dirección: Calle 2 s/n esq calle principal;;;;;-1;0;-1;;
"POINT (-55.985405 -31.721095)";"RR111	C.P CHLA-EP TACUAREMBO";Días y horarios: Lun a V de 08:00 a 12:00<br>Dirección: Lorenzo Carnelli s/n y J.P Varela y Treinta y Tres Orientales;;;;;-1;0;-1;;
"POINT (-55.982852 -31.715354)";"RR114	COMTA";"Días y horarios: Lun a Vie de 14:15 a 17:45<br>Dirección: 25 DE MAYO		Dr Catalina";;;;;-1;0;-1;;
"POINT (-56.510467 -32.814609)";"RD111	C.P CHLA-EP P. DE LOS TOROS";Días y horarios: Lun a Vie de  08:30 a 12:00<br>Dirección: Dr. Berruti s/n y Dr. Monestier y Rivera;;;;;-1;0;-1;;
"POINT (-56.506024 -32.813871)";"RD113	COMTA P. DE LOS TOROS";Días y horarios: Lun a Vie de 13:15 a 15:15<br>Dirección: Br. Artigas 357 y Artemio Correa y Atanasio Sierra;;;;;-1;0;-1;;
"POINT (-55.836438 -32.61974)";"RE111	ASSE Centro Auxiliar San Gregorio ";Días y horarios: Lun a Vie de  07:00 a 11:30<br>Dirección: Dr. Gamba 55 e Independencia y 25 de Mayo;;;;;-1;0;-1;;
"POINT (-54.16778 -32.3767083)";"CC111	C.P CHLA.EP MELO";"Días y horarios: Lun a Vie de 07:30 a 13:30<br>Dirección: Treinta y Tres	293, Manuel Oribe";;;;;-1;0;-1;;
"POINT (-54.163386 -32.368132)";"CC113 ASSE	Centro de Salud Melo";Días y horarios: Lun a Vie de  07:00 a 18:00<br>Dirección: Colón 919 y Br Matta y Dr. Ferreira;;;;;-1;0;-1;;
"POINT (-54.523746 -32.514157)";"CB112 IAMC	Camcel Fraile Muerto
";"Días y horarios: Ma de 8:00 a 12:00<br>jueves	13:00 a 17:00<br>Dirección: Manuel Artucio 699";;;;;-1;0;-1;;
"POINT (-53.37985 -32.593604)";"CD111	C.P CHLA.EP - RIO BRANCO";"Días y horarios: Lunes, Jueves y Viernes de 08:00 a 12:30<br>Dirección: Ismael Velázquez 1131 y Joaquín de Paz y Joaquín Travieso";;;;;-1;0;-1;;
"POINT (-57.844921 -34.471506)";DD111 C.P CHLA.EP COLONIA ;"Días y horarios: Lun a Vie de  07:30 a 13:30<br>Dirección: Batlle y ordoñez, F Bassaum";;;;;-1;0;-1;;
"POINT (-57.84493 -34.471031)";DD113 CAMEC - ORAMECO ;"Días y horarios: Lun., Mier y Viernes de 13:00 a 16:00 <br>Dirección: Alberto Méndez 170 y Gral flores y 18 de Julio";;;;;-1;0;-1;;
"POINT (-57.839589 -34.462558)";DD114 Hospital Evangélico Colonia ;Días y horarios: Sab de 08:00 a 13:00<br>Dirección: Baltasar Brum 703 y Domingo Baque y Aparicio Saravia;;;;;-1;0;-1;;
"POINT (-57.611179 -34.263379)";DK112 CAMEC TARARIRAS;"Días y horarios: Lun, Mi y Vi de 12:30 a 15:30 hrs.<br>Dirección: Manuel Oribe s/n y Avda. Kenedy y Rivera";;;;;-1;0;-1;;
"POINT (-58.2830605 -33.9899992)";DA111 Sub C.P CHLA.EP CARMELO;Días y horarios: Lun a Vie de 08:00 a 12:30<br>Dirección: Av Artigas esq. Uruguay;;;;;-1;0;-1;;
"POINT (-58.405176 -33.868678)";"DH111 ASSE	CENTRO AUXILIAR ASSE Nueva Palmira ";Días y horarios: Lun a Vie de 07:00 a11:00<br>Dirección: Jose Pedro Varela e Ibicuy;;;;;-1;0;-1;;
"POINT (-57.356707 -34.317251)";DJ111 C.P CHLA.EP ROSARIO  ;Días y horarios: Lun a Vie de  08:00 a 13:00 hrs.<br>Dirección: Martínez Diez s/n y J. M.Garat y Gral Artigas;;;;;-1;0;-1;;
"POINT (-57.2276349 -34.2809394)";DG111 CENTRO AUXILIAR ASSE Nueva Helvecia;"Días y horarios: Lun, Mi y Jue de 08:00 a 13:00 hrs.<br>Dirección: 18 de julio esq. Cunier y Dreyer";;;;;-1;0;-1;;
"POINT (-57.370433 -33.875712)";DL111 CAMEC FLORENCIO SANCHEZ  ;Días y horarios: Martes 12:30 a 14:30 hrs.<br>Dirección: Artigas entre 19 de Abril y Varela;;;;;-1;0;-1;;
"POINT (-57.435231 -34.426632)";DF111 C.P CHLA.EP JUAN LACAZE ;"Días y horarios: Lun a Vi de 08:30 a 13:30 hrs.<br>Dirección: Yamandu 89, Abayuba y Tabare";;;;;-1;0;-1;;
"POINT (-57.4321114 -34.4353549)";"DF112	CAMEC JUAN LACAZE";"Días y horarios: Jueves de 12:30 a 15:30 hrs.<br>Dirección: Jose Enrique Rodo	249	Vacheli y Montevideo";;;;;-1;0;-1;;
"POINT (-57.437751 -34.436059)";"DF113	CIRCULO CATOLICO";Días y horarios: Jue de 12:00 a 14:00 <br>Dirección: José Salvo 212 y Rivera y José Campomar;;;;;-1;0;-1;;
"POINT (-56.521579 -33.379221)";"EE111	C.P CHLA-EP DURAZNO";Días y horarios: Lun a Vie de 08:00 a 13:00<br>Dirección: 18 de Julio 617 y Manuel Oribe y Eusebio Piriz;;;;;-1;0;-1;;
"POINT (-56.52424 -33.376896)";EE114 - I.M.D. COBUSU ;"Días y horarios: Lun a Vie de 07:00 a 13:00 Hrs.<br>Dirección: Instrucciones del año XIII 244, esq. Salaberry";;;;;-1;0;-1;;
"POINT (-55.624123 -33.340012)";"EH111	C.P CHLA.EP SDI. DEL YI";Días y horarios: Lun. a Vie. de 08:30 a 13:30 hrs.<br>Dirección: Avda. Petrini 501 y Vidal de Pereira y Batlle;;;;;-1;0;-1;;
"POINT (-56.208857 -34.098473)";"GG111	C.P CHLA-EP FLORIDA";Días y horarios: Lun a Vie de 07:30 a 13:30<br>Dirección: Baltasar Brum 414 y Lavalleja y 18 de Julio;;;;;-1;0;-1;;
"POINT (-56.214565 -34.099026)";"GG113  IMF 	Policlínica intendencia Florida";Días y horarios: Lun a Vie de 07:30 a 10:30 <br>Dirección: Independencia 586 y L.A. de Herrera e Ituzaingó;;;;;-1;0;-1;;
"POINT (-56.324871 -33.725185)";"GL111	C.P CHLA-EP SDI. GRANDE ";Días y horarios: Lun a Vie de 8:15 a 12:30<br>Dirección: Pasteur 1052 y Treinta y Tres y Faustino Harrison;;;;;-1;0;-1;;
"POINT (-55.234223 -34.376213)";"HH113	Minas IML	Intendencia de Lavalleja ";Días y horarios: Lun. a Vier. de 10:00  a 13:00<br>Dirección: J. Batlle y Ordoñez 546 y Rodó y Anibal del Campo;;;;;-1;0;-1;;
"POINT (-55.2442118 -34.3761057)";"HH114	CAMDEL MINAS";"Días y horarios: <br>Lun a Vie de  07:30 a 11:15 y de 14:00 a 16:45<br>Dirección: Juan Farina 361, C/R.P del Puerto";;;;;-1;0;-1;;
"POINT (-55.243217 -34.372465)";"HA111	J. Batlle Y Ordoñez ASSE	Policlínica José Batlle y Ordoñez ";Días y horarios: Lun. a Vie. de 10:00 a 12:00<br>Dirección: 18 de Julio s/n y Lavalleja y Bvar. Artigas;;;;;-1;0;-1;;
"POINT (-54.535707 -33.456528)";HC113 CAMDEL J.P. Varela;Días y horarios: Ma de 09:00 a 12:00 <br>Dirección: Lavalleja s/n y Podestá y Artigas;;;;;-1;0;-1;;
"POINT (-55.466323 -34.598066)";"HF112 IAMC 	CAMDEL Solís de Mataojo";Días y horarios: Lun y Vie de 13:00 a 17:00<br>Dirección: Avda. Fabini s/n y Minas;;;;;-1;0;-1;;
"POINT (-54.966763 -34.905908)";"II111	C.P CHLA-EP MALDONADO";Días y horarios: Lun a Vie de 08:30 a 13:30<br>Dirección: Ventura Alegre entre J.Miranda y Las Dalias;;;;;-1;0;-1;;
"POINT (-54.938611 -34.897666)";"II112	I.M.MALDONADO";Días y horarios: Lun a Vie de 07:45 a 11:45 hrs.<br>Dirección: Alberto Caracará (Calle 7) s/n y Meboipe y Teodoro Chacovo;;;;;-1;0;-1;;
"POINT (-54.959017 -34.891703)";II119 Policlínica Plan Vigía ASSE;Días y horarios:  L y Ma de 14:00 a 18:00 hrs.<br>                              Mi de 09:00 a 12:00 hrs.<br>                              Jue de 07:30 a 12:00 hrs.<br>                               Vi de 12:30 a 16:30 hrs.<br>Dirección: Garzón s/n Barrio Cuñetti;;;;;-1;0;-1;;
"POINT (-55.277664 -34.85424)";"ID112	MAUTONE PIRIAPOLIS";Días y horarios: Juev. de 14:30 a 18:00 y Viernes de 15:30 a 19:00 hrs.<br>Dirección: Avda. Artigas y Monte Caseros;;;;;-1;0;-1;;
"POINT (-54.92258 -34.796654)";"IF111	C.P CHLA-EP SAN CARLOS";Días y horarios: Lun a Vie de 08:00 a 12:00<br>Dirección: Dr. Andrés Ceberio 539 y Fajardo y Tomás Berreta;;;;;-1;0;-1;;
"POINT (-55.223864 -34.779014)";"IC111	Hospital de PAN DE AZUCAR";Días y horarios: Lunes a Viernes de 13:00 a 17:00 hrs.<br>Dirección: Rincón 471 y Francisco Bonilla y Lazo Batista;;;;;-1;0;-1;;
"POINT (-55.275113 -34.866452)";ID113 Asistencial Medica Piriápolis ;"Días y horarios: Lun de 14:15 a 18:00<br>Teléfono: 4432 2626 <br>Dirección: Tucumán 	1073	Trapani y Gregorio Sanabria";;;;;-1;0;-1;;
"POINT (-55.22247 -34.777016)";IC112 Asistencial Médica Pan de Azúcar;"Días y horarios: Ma de 14:00 a 18:00<br>Teléfono: 4434 9151<br>Dirección: General Artigas	475	Leonardo Olivera y Francisco Bonilla";;;;;-1;0;-1;;
"POINT (-54.922041 -34.79278)";IF114 AMECOM San Carlos ;"Días y horarios: Ma y Jue de 14:00 a 18:00<br>Teléfono: 4266 9107 int 2210 <br>Dr. Andrés Ceberio	647	Rincon y Carlos Reyles ";;;;;-1;0;-1;;
"POINT (-54.922386 -34.794424)";IF113 CRAME San Carlos;"Días y horarios: Ma y Mi  de 15:00 a 18:30<br>Teléfono: 4222 5353 int 5256<br>Dirección: 18 de Julio	s/n	Av ebeiro y Av Alvariza";;;;;-1;0;-1;;
"POINT (-54.910102 -34.786977)";"IF115  ASSE	Policlínica Rodríguez Barrios";"Días y horarios: Vie de 11:30 a 13:00 hrs.<br>Teléfono: 42670145 / 091432591<br>Dirección: Av Rocha 	s/n 	A Lapido Montenegro y Suárez";;;;;-1;0;-1;;
"POINT (-58.304503 -33.118292)";"LL111	C.P CHLA-EP FRAY BENTOS";"Días y horarios: Lun a Vie de 08:00 a 13:00 hrs.<br>Dirección: 18 de Julio 	 s/n 	Ituzaingo";;;;;-1;0;-1;;
"POINT (-57.630989 -32.69827)";"LC111	C.P CHLA-EP YOUNG";Días y horarios: Lun a Vie de 08:00 a 13:00<br>Dirección: Zeballos entre Martirine y Larrañaga ;;;;;-1;0;-1;;
"POINT (-57.629594 -32.698174)";"LC113	CAMY Young";Días y horarios: Lun a Vie de 10:00 a 16:00 Hrs.<br>Dirección: 25 de Agosto 3434 y Martiriné y Piedras;;;;;-1;0;-1;;
"POINT (-54.339987 -34.476709)";"NN111	C.P CHLA-EP ROCHA";Días y horarios: <br>Lun a Vie de  08:00 a 13:00<br>Dirección: Martinez Rodriguez s/n casi 18 de Julio;;;;;-1;0;-1;;
"POINT (-53.854224 -34.197317)";"NA111	Hospital CASTILLOS";"Días y horarios: Lun a  Vie de 08:30 a 12:30 Hrs.<br>Dirección: Av Wilson, 19 de abril";;;;;-1;0;-1;;
"POINT (-54.205256 -33.677211)";"NG111	L ASSE	Centro Auxiliar Lascano";"Días y horarios: Lun a Vie de 08:00 a 12:00<br>Dirección: Libertad 	1401	1 de Agosto y Constituyente";;;;;-1;0;-1;;
"POINT (-54.208971 -33.673353)";"NG112	COMERO LASCANO";Días y horarios: Mier. 14:00 a 17:00<br>Dirección: Dr. Fonseca (ex Misiones)1190 y Rocha y Arigón;;;;;-1;0;-1;;
"POINT (-56.2519795 -34.8741106)";"JB121 Cerro	ASSE CENTRO SALUD CERRO
";"- El puesto abrirá una vez habilitada la heladera -<br>Días y horarios: Lun a Vie de 07:00 a 13:00 hrs.<br>Dirección:  Carlos Ma. Ramírez 		Grecia y Dr Santin Carlos Rossi";;;;;-1;0;-1;;
"POINT (-56.2411423 -34.7882735)";"JB131	Lezica ASSE	HTAL.COLONIA SAINT BOIS";"Días y horarios: Lun a Vie de 08:00 a 12:15<br>Dirección: Camino Fauquet	6358	Camino colman y Dr. Alfredo Massei";;;;;-1;0;-1;;
"POINT (-56.1728335 -34.8689519)";"JB114	Simón Bolivar ASSE	INSTITUTO CACHON";"Días y horarios: Ma y Jue de 09:00 a 13:00<br>Dirección: General Flores	3214	 Luis A. de Herrera y Bulevar Artigas";;;;;-1;0;-1;;
"POINT (-56.2517766 -34.8751322)";"JA114	PV CHLA EP CERRO";Días y horarios: Lunes a viernes de 08:15 -12:30 y 13:00 a 13:30<br>Dirección: Japon 1713 esq Grecia;;;;;-1;0;-1;;
"POINT (-56.1332222 -34.7839475)";"JE118	Puntas de Manga Policlínica IMM Giráldez";"Días y horarios: Lu y Vi de 11:00 a 16:00 Hrs.<br>Dirección: Faro	 6294 Bis 	Estrella Polar y Firmamento";;;;;-1;0;-1;;
"POINT (-56.1022395 -34.8246406)";"JE114	Puntas de Rieles Policlínica IMM Punta de Rieles          ";"Días y horarios: Martes y jueves de 9:30 a 17:00 Hrs.<br>Dirección: Camino Maldonado	6870	Avda. de los Astros y Aries";;;;;-1;0;-1;;
"POINT (-56.220864 -34.8558065)";"JE120	Paso Molino  IMM	Policlínica Parque Bellán
";"Días y horarios: Martes de 14:00 a 18:00 y Viernes de 12:00 a 14:00 hrs.<br>Dirección: Agraciada	4241 Freitas";;;;;-1;0;-1;;
"POINT (-56.1475713 -34.8663316)";JE128  Policlínica IMM Yucatán;"Días y horarios: Lun, Mar, Jueves y Vie de 08:15 a 13:30 hrs. Miércoles de 13:30 a 13:30. <br>Dirección: Tomas Claramunt	3749	José Serrato y Gobernador Viana";;;;;-1;0;-1;;
"POINT (-56.2548694 -34.855538)";JE132 Policlínica IMM La Paloma ;"Días y horarios:  Martes de 8 a 11:00 hrs., Viernes de 08 a 13:00 y Sábados de 07:00 a 13:00<br>Dirección: Camino de las Tropas	4556	Camino La Paloma y Pernambuco";;;;;-1;0;-1;;
"POINT (-56.1618418 -34.8702254)";JE133 Policlínica IMM IRMA GENTILE;"Días y horarios: Lun a Vie de 07:30 a 12:00<br>Dirección: Altamirano	3123	Luis A. de Herrera y Setembrino Pereda";;;;;-1;0;-1;;
"POINT (-56.1881174 -34.9120324)";"JE134	Barrio Sur Policlínica IMM Barrio Sur
";"Días y horarios: Lun., Mier. y Vie. de 14:00 a 16:30 hrs.<br>Dirección: Viana 	s/n	Gonzalo Ramírez";;;;;-1;0;-1;;
"POINT (-56.1832388 -34.8751164)";"JE135  Policlínica IMM DR . JUAN J . CROTOGHINI
";"Días y horarios: Lun a Jueves 12:00 a 14:30<br>Dirección: Marsella	2738	Colorado y Vilardebó";;;;;-1;0;-1;;
"POINT (-56.1756031 -34.8236914)";"JE138	Casavalle 	IMM LOS ANGELES";"Días y horarios: Jueves de 9:30 a 12:00 hrs. <br>Dirección: Los Ángeles 	5340	Barranquilla y Curtiba";;;;;-1;0;-1;;
"POINT (-56.1313035 -34.896307)";"JE124	Buceo Policlínica IMM Buceo
";"Días y horarios: Lun y Mi de 12:00 a 16:00<br>                             Jue de  9:00 a 12:00<br>Dirección: Santiago Rivas 	1500	Michelana";;;;;-1;0;-1;;
"POINT (-53.454768 -33.693754)";"NC112	COMERO CHUY";Días y horarios: Ma y Vie de 9:00 a 12:00 hrs.<br>Dirección: B. Ventura 517 y Gral. Artigas y Laguna de los Patos;;;;;-1;0;-1;;
"POINT (-55.5342417 -30.8987776)";MM118  - Servicio Medico Colectivo (SEMECO);Días y horarios: Lun y Viernes de 14:00 a 16:00 <br>Dirección: Ceballos 1300 ;;;;;-1;0;-1;;
"POINT (-55.5400847 -30.8945791)";MM119 CASMER Rivera Chico;Días y horarios: Lunes a Viernes de 15:00 a 18:00 hrs.<br>Dirección: Fructuoso Rivera 288;;;;;-1;0;-1;;
"POINT (-55.541592 -30.897193)";MM120 CASMER Fructuoso Rivera ;Días y horarios: Lun a Vie de 08:30 a 12:30 y de  14:30 a 18:30<br>Dirección: Fructuoso Rivera 467;;;;;-1;0;-1;;
"POINT (-55.762343 -31.194418)";"ME111 ASSE	Policlínica Ciudad de Tranqueras ";Días y horarios: Lu y Mi de 08:00 a 11:30 hrs.<br>Dirección: Treinta y Tres s/n y Artigas e Ituzaingó;;;;;-1;0;-1;;
"POINT (-55.766413 -31.185753)";ME113 CASMER Tranqueras ;Días y horarios: Ma de 08:00 a 11:30<br>                             Jue de 14:00 a 17:30<br>Dirección: Independencia 538;;;;;-1;0;-1;;
"POINT (-55.474878 -31.573254)";MC111 C. AUX. MINAS DE CORRALES ;"Días y horarios: Mi y Vie de 08:00 a 12:00 hrs.<br> Dirección: 12 de Octubre	s/n	18 de Julio y 25 de Agosto";;;;;-1;0;-1;;
"POINT (-54.691411 -31.775304)";MF111 ASSE POL VICHADERO ;"Días y horarios: Mi, J y V  de 7:30 a 12:00 hrs.<br>Dirección: GRAL. FRUCTUOSO RIVERA	s/n	Joaquin Correa 18 de Julio";;;;;-1;0;-1;;
"POINT (-58.081161 -32.325852)";"KK111	C.P CHLA-EP PAYSANDU";Días y horarios: Lun a Vie de  7:30 a 13:30<br>Dirección: Montecaseros 520 esq Artigas (entrando por calle vizconde maua);;;;;-1;0;-1;;
"POINT (-58.081123 -32.325345)";"KK113  ASSE	Centro Salud Paysandú";Días y horarios: Lun - Vie de 13:30 a 17:30<br>Dirección: Montecaseros 520 esq Artigas (entrando por calle vizconde maua);;;;;-1;0;-1;;
"POINT (-58.063679 -32.311993)";KK115 Policlínica Bº Artigas;Días y horarios: Lun a Vie de  08:00 a 15:30<br>Dirección: Grito de Asencio s/n y Lucas Piriz y Larrañaga;;;;;-1;0;-1;;
"POINT (-58.079041 -32.292663)";"CERRADO TEMPORALMENTE - KK116  ASSE	Pol. Brío Purificación 3";Días y horarios: Lun a Vie de 07:00 a 15:30<br>Dirección: Dr. Roldan entre Costa Rica y Antonio Estefanel;;;;;-1;0;-1;;
"POINT (-58.08193 -32.320283)";"KK119 IMP	Intendencia de Paysandú";Días y horarios: Lun a Vie de 08:00 a 12:00<br>Dirección: Zorrilla de San Martín 819 e Ituzaingó y Sarandí;;;;;-1;0;-1;;
"POINT (-57.208817 -32.354509)";"KA111 ASSE	Centro Auxiliar Guichón";Días y horarios: Lun a Vie de 12:30 a 17:30 hrs.<br>Dirección: Pedro Guichón s/n y Avda. Artigas y Libertador Juan A. Lavalleja;;;;;-1;0;-1;;
"POINT (-57.90039 -31.934532)";"KB111ASSE	IAMC	Policlínica Quebracho";Días y horarios: Mar. de 13:00 a 16:00 Hrs.<br>                             Jue. de  09:00 a 12:00 Hrs.<br>Dirección: Dr. Martini s/n y Sarandí y 8 de Octubre;;;;;-1;0;-1;;
"POINT (-58.087288 -32.317079)";KK120 COORPORACION MEDICA PAYSANDÚ;"Días y horarios: Lun a Vie de 08:30-11:50<br>                                                   13:00 - 17:30<br> Dirección: Setembrino Pereda	924	Gral. Leandro Gómez y 18 de Julio";;;;;-1;0;-1;;
"POINT (-58.083652 -32.318141)";"KK122  CEB	Centro de Estudios Bioquímicos";"Días y horarios: Lun a Vie de 08:00 a 09:30 hrs.<br>                             Sab de 8:00 a 10:00 hrs.<br>Dirección: Gral. Leandro Gómez	1117	Herrera y 19 de Abril";;;;;-1;0;-1;;
"POINT (-56.1465241 -34.881221)";"JF118  IAMC	HOSPITAL EVANGELICO";"Días y horarios: Lun a Vie de 08:00 a 18:00<br>Dirección: Mateo Vidal 3380, esq. Asilo";;;;;-1;0;-1;;
"POINT (-56.150942 -34.883979)";JF119 IAMC SMI SANATORIO IMPASA;Días y horarios: Lun a Vie de 08:00 a 17:00<br>Dirección: Av. Dr. Luis Alberto de Herrera 2431;;;;;-1;0;-1;;
"POINT (-56.193836 -34.86144)";"JF122  IAMC 	SERV. MEDICO UNIVERSAL";"Días y horarios: Lun a Vie de 8:00 a 11:45 hrs. y de 15:00 a 18:45 hrs.<br> Dirección: Avda. Millán	3588	Cubo del Norte";;;;;-1;0;-1;;
"POINT (-56.1654753 -34.9001225)";"JF127  IAMC 	ASOCIACION ESPAÑOLA ";Días y horarios: Lun a Vie de 08:00 a 18:00 hrs.<br>Dirección: Mario Cassinoni 1496 esq. Ana Monterroso de Lavalleja<br>Teléfono: 1920 int. 3112;;;;;-1;0;-1;;
"POINT (-56.210402 -34.864809)";"JF135 IAMC 	CASMU AGRACIADA";"Días y horarios: Lun y Jue de 13:30 a 16:15 Hrs.<br>Dirección: Avda Agraciada 	3691	Joaquín D. Pereyra y Valentín Gómez ";;;;;-1;0;-1;;
"POINT (-56.162137 -34.91924)";JF170 CLINICA GOLF - MP;Días y horarios: Lun a Vie de 08:00 a 20:00 hrs. Sab. de 8:00 a 12:00 <br>Dirección: Benito Nardone 2344 ;;;;;-1;0;-1;;
"POINT (-56.228756 -34.86009)";JF148 HOSPITAL EVANGELICO LA TEJA;"Días y horarios: 2º Ma de 09:30 a 12:30<br>Teléfono: 2304 8305<br>Dirección: Avda. Dr .Carlos Ma. Ramírez 	420	Celestino Bauza";;;;;-1;0;-1;;
"POINT (-56.23818 -34.86779)";JF176 MUCAM LA TEJA ;"Días y horarios: Sab de  08:00 a 10:00<br>Teléfono: 2305 4448 / 23057588<br>Dirección: Carlos María Ramírez 	1032	Elbio Fernández y Humbolt";;;;;-1;0;-1;;
"POINT (-56.119827 -34.887002)";"JF177  IAMC 	COSEM MALVÍN";"Días y horarios:  Lun. a Vie. de 09:15 a 19:00 Hrs. / Sáb. de 09:15 a 12:00 Hrs.<br>Dirección: Avda Italia	4206	Mariscala y Alejandro Korn";;;;;-1;0;-1;;
"POINT (-56.119342 -34.868173)";"JF193  IAMC 	SMI MALVÍN";"Días y horarios: Ma y Jue de 14:15 a 17:45<br>Dirección: Veracierto	2489	Camino Carrasco";;;;;-1;0;-1;;
"POINT (-56.138501 -34.815023)";"JF195  IAMC 	MUCAM PIEDRAS BLANCAS";"Días y horarios: Lun a Vie de 12:30 a 15:00<br>Dirección: José Belloni 	4918	Camino Domingo Arena y Previsión";;;;;-1;0;-1;;
"POINT (-56.222497 -34.806285)";JF196  MUCAM COLÓN;"Días y horarios: Vie de 13:00 a 15:30<br>Teléfono: 2321 0750 / 23209399<br>Dirección: Garzón 	1907	Lanús y Eduardo A. Raíz";;;;;-1;0;-1;;
"POINT (-56.1372 -34.905328)";JF203  ASOCIACIÓN ESPAÑOLA LAS TORRES;"Días y horarios: L, Mi y Vie de 8:15 a 11.30 hrs.<br>Dirección: Luis a. de Herrera	1223	26 de Marzo";;;;;-1;0;-1;;
"POINT (-56.159248 -34.899985)";JF214 SEGURO AMERICANO;"Días y horarios: Lun a Vie de 08:15 a 15:00 Hrs.<br>Dirección: Luis Ponce	1523	Bosh y E Puch";;;;;-1;0;-1;;
"POINT (-56.191399 -34.904463)";"JF217 IAMC 	Clínica Preventiva";"Días y horarios: Lun, Mi, Vie de 09:30 a 12:15<br>Dirección: Rondeau 1422 Piso 1 Colonia y Mercedes<br>Telefono: 0800 1277 ";;;;;-1;0;-1;;
"POINT (-56.204478 -34.86876)";JF219 Asociación Española Prado;"Días y horarios: Lun, Mi y Vie de 08:15 a 11:30 hrs.<br>Dirección: 19 de abril 	3322	 esq. Agraciada";;;;;-1;0;-1;;
"POINT (-56.90105 -33.516817)";"FF113	Trinidad  IAMC	COMEFLO";Días y horarios: Ma y Jue de 14:00 a 16:00<br>Dirección: Fray Úbeda Nº 717;;;;;-1;0;-1;;
"POINT (-56.4623254 -30.3949944)";AA113 Centro de Salud Artigas;Días y horario: de Lun a Vie de 06:30 a 12:30 hrs<br>Dirección: 18 de julio 237 y Garzón y Diego Lamas;;;;;-1;0;-1;;
"POINT (-56.4680864 -30.3921373)";AA118 IMA - Policlínica Catalá;Días y horarios: Lun a Vi de 8:00 a 12:00 hrs.<br>Dirección: Santiago Montes s/n Juan B Torres;;;;;-1;0;-1;;
"POINT (-56.4560248 -30.4333563)";AE111 IMA- Policlínica Pintadito;Días y horarios: Lun a Vie de 13:00 a 17:00<br>Dirección: Angel Chaia esq. 4 de abril;;;;;-1;0;-1;;
"POINT (-57.5900881 -30.2557699)";AB116 - Centro de Salud Bella Union;Días y horarios: Lun a Vie de 13:00 a 17:00<br> Dirección: Chile entre Rep. Argentina y Brasil;;;;;-1;0;-1;;
"POINT (-56.220442 -34.7234035)";BA111  C.P CHLA-EP LAS PIEDRAS ;"Días y horarios: L, Ma, J  y V de 08:00 a 13:00 hrs.<br>Dirección: Espínola 413, esquina Canelones. ";;;;;-1;0;-1;;
"POINT (-56.2238854 -34.7290631)";"BA118  IAMC-  CRAMI -  Las Piedras
";"Días y horarios: Lunes a Viernes, Por agenda a partir de las 14:15 hs.<br>Dirección: Dr Puey s/n esq soca";;;;;-1;0;-1;;
"POINT (-56.216903 -34.7292224)";"BA119  IAMC	Asociación Española Las Piedras ";Días y horarios: Lun de 14:15  a 17:30 hrs.<br>Dirección: Lavalleja 655 esq. Soca;;;;;-1;0;-1;;
"POINT (-56.2180403 -34.6677541)";"BB119	Progreso  IAMC	CRAMI Progreso";"Días y horarios: Martes y Miercoles a partir de las 09:00 Hrs.<br>Dirección: Gral. Artigas	km 28	Estados Unidos de Brasil";;;;;-1;0;-1;;
"POINT (-56.2192364 -34.7256245)";"BA125 IAMC	CASMU Las Piedras";"Días y horarios: Mi de 14:00 a 16:00<br>Dirección: Pilar Cabrera	545  esq. Luis A. de Herrera";;;;;-1;0;-1;;
"POINT (-56.2268104 -34.7572876)";BC111  Sub C.P CHLA-EP LA PAZ ;"Días y horarios: Lun a Vie de 08:00 a 13:30<br> Dirección: Emilio Andreon 9002, Gribaldi";;;;;-1;0;-1;;
"POINT (-56.2838767 -34.5153854)";BB111 C.P CHLA-EP CANELONES;Días y horarios: Lun a Vie de 07:30 a 13:30<br>Dirección: Herson Tawe 1073 esquina Cendán;;;;;-1;0;-1;;
"POINT (-56.2821634 -34.5225555)";"BB118 IAMC	Asociación Española Canelones";"Días y horarios: 4° Mié. de 14:00 a 17:30 hrs.<br> Dirección: Batlle y Ordoñez 	669  esq. Tolentino González";;;;;-1;0;-1;;
"POINT (-56.3856114 -34.4589433)";BB113 ASSE Sub C.P CHLA-EP SANTA LUCIA;Días y horarios: Lunes a Viernes de 08:30 a 13:30<br>Dirección: Continuación Herrera entre Diego Lamas y Bolivia;;;;;-1;0;-1;;
"POINT (-56.3924035 -34.4515771)";"BB121  IAMC-COMECA Santa Lucía
";"Días y horarios: Lun a Jue de 14:15 a 17: 15 y Vie de 08:00 a 11:00<br>Dirección: Dr Antonio Legnani	277	J Enrique Rodo y Chile<br> ";;;;;-1;0;-1;;
"POINT (-55.9613785 -34.7239889)";"BE128 IAMC	CAAMEPA Pando
";Días y horarios: Lun y Vier de 9:00 a 14:00 Hrs. y Miercoles de 11:00 a 14:00 Hrs. <br>Dirección: Baltasar Brum 1224 esq Sarandi <br>   ;;;;;-1;0;-1;;
"POINT (-55.9556197 -34.7142954)";"BE132	Pando	IAMC ASOCIACION ESPAÑOLA";"Días y horarios: Jue de 14:00 a 17:30<br>Dirección: Iturria	 s/n 	Vargas y Lavalleja";;;;;-1;0;-1;;
"POINT (-55.8705388 -34.5431565)";BE179 IAMC MUCAM San Jacinto;"Días y horarios: Ma, Mi y Jue de 16:30 a 20:00<br>Dirección: Jacinto Vera 	s/n 	L.A. De Herrera y Cayetano González";;;;;-1;0;-1;;
"POINT (-55.9772191 -34.8307566)";"BE155 ASSE	Centro de Salud de C. de la Costa";Días y horarios: Lun a Vie de 07:30 a 12:00 y de 12:30 A 16:30 hrs. <br>Dirección: García Arocena s/nº esq. Seco García Km 22.200 ;;;;;-1;0;-1;;
"POINT (-55.95886 -34.8227057)";"BE187 IAMC	S.M.I. De la Costa";"Días y horarios: Lun a Vie de 07:30 a 13:00 hrs.<br>Dirección: Giannattasio Km. 24.500		Eduardo Marquez Castro";;;;;-1;0;-1;;
"POINT (-55.8549563 -34.7769766)";"BE138 IAMC	As Española Pinamar - Salinas";"Días y horarios: J de 14:00 a 17:30 hrs. <br>Dirección: Ruta Interbalnearia Km 37		 Calar y avda Nogueira";;;;;-1;0;-1;;
"POINT (-55.8452842 -34.7764272)";"BE149 IAMC	CASMU Salinas";"Días y horarios: Lun y Mi a partir de las 14:30, se entregan 25 N°.<br>Dirección:  Zorrilla de San Martin Km. 37.500		Pitanga y Sarandi";;;;;-1;0;-1;;
"POINT (-55.8502008 -34.7762797)";"BE182 IAMC	MUCAM Salinas";Días y horarios: Ma y Jue de 14:00 a 17:00<br>Dirección: Ruta Interbalnearia Km. 37500;;;;;-1;0;-1;;
"POINT (-55.6295077 -34.4889677)";"BE191 IAMC	CASMU Migues";"Días y horarios: Lun, Mi de 08:00 a 09:00<br>Dirección: Jose Pedro Varela	 s/n 	J. P. Varela y Sarandi";;;;;-1;0;-1;;
"POINT (-55.5588876 -34.4914786)";"BE186 IAMC	MUCAM Montes";"Días y horarios: Mi y Jue de  08:00 a 09:00<br>Dirección: Calle 11	 s/n	 entre A. Centenario y Diagonal 3";;;;;-1;0;-1;;
"POINT (-56.0082067 -34.756597)";"BE194  IAMC 	SAAP Barros Blancos";"Días y horarios: Ma y Jue de 10:00 a 14:00<br> Dirección: Ruta 8 km 25 		Los Ceibos";;;;;-1;0;-1;;
"POINT (-55.7637577 -34.3472894)";BF113 Centro Auxiliar Tala ;"Días y horarios: Lun a Vie de 07:00 a 11:30<br> Dirección: Jose Alonso 	s/n	Avda Artigas";;;;;-1;0;-1;;
"POINT (-56.0945746 -34.7390525)";"BF125 IAMC	MUCAM TOLEDO";"Días y horarios: Ma y Jue de 14:00 a 17:00<br>Dirección: av la estacion 	1512	Ruta 6 km 22.800";;;;;-1;0;-1;;
"POINT (-56.0652436 -34.6506144)";BF116 C.P CHLA-EP SAUCE;"Días y horarios: Lun, Mar y Vie de 08:00 a 12:30<br>Dirección transitoria: René González N°2128 (hasta marzo 2026)";;;;;-1;0;-1;;
"POINT (-55.6763576 -34.7561005)";Medica Uruguaya;;;;;;-1;0;-1;;
"POINT (-55.6763576 -34.7561005)";"BE199  IAMC	MUCAM La Floresta ";"Días y horarios: Lun, Mi y Vi de 08:00 a 12:00<br>Dirección: Jaune y bernat	s/n	Zenon Burgueño";;;;;-1;0;-1;;
"POINT (-54.170832 -32.371892)";"CC114  IAMC	Camcel Melo";"Días y horarios: Ma, Mi y Vie de 15:00 a 17:45<br>Dirección: Nano Perez	660	Batlle y Ordoñez";;;;;-1;0;-1;;
"POINT (-58.2850919 -33.9946779)";"DA112 IAMC	CAMOC CARMELO";"Días y horarios: Mar., Juev, y Vier, de 09:00 a 13:00 hrs.<br>Dirección: Uruguay	543	25 de Mayo y Gral. Flores";;;;;-1;0;-1;;
"POINT (-57.3494081 -34.3102473)";"DJ112  IAMC	CAMEC ROSARIO
";"Días y horarios: Lun. a Mié. de 14:30 a 17:30 hrs.<br>                             Vie. y Jue. de 09:00 a 12:00 hrs.<br>Dirección: Cerrito 283, Treinta y Tres e Ituzaingo<br> ";;;;;-1;0;-1;;
"POINT (-57.2676475 -34.345368)";"DC111  CHLA EP	Policlínica ASSE Sub CP Colonia Valdense ";"Días y horarios: Segundo y último Viernes de cada mes de 08:00 a 13:00 hrs.<br>Dirección: Alice Rivoir	s/n	11 de Junio";;;;;-1;0;-1;;
"POINT (-56.5196807 -33.3802662)";"EE115	IAMC CAMEDUR-IAMPP";"Días y horarios: Lun a Vie de 14:00 a 17:00<br>Dirección: Herrera	942	Baltasar Brum y Artigas";;;;;-1;0;-1;;
"POINT (-56.2123346 -34.0996325)";"GG114	Florida IAMC 	COMEF";"Días y horarios: Lu, Ma, J y V de 15:30 a 17:00 hr<br>                             Sáb de  09:30 a 11:00 hrs<br>	Dirección: G.FLORES 	3387	A. Ma. Fernández";;;;;-1;0;-1;;
"POINT (-55.6505461 -34.1030956)";"GC111  ASSE	Policlínica ASSE Casupá";"Días y horarios: Lun, Mi y Vie de 08:00 a 11:00<br>Dirección: J.P. Varela	1126	Fructuoso Rivera y Eustaquio Fernández";;;;;-1;0;-1;;
"POINT (-55.2265998 -34.3670358)";HH111 ASSE C.P CHLA-EP MINAS;Días y horarios: Lun a Vie de 08:00 a 12:00<br>Dirección: Dr Dighiero y Varela;;;;;-1;0;-1;;
"POINT (-55.2377827 -34.3759539)";"HH112 ASSE	Centro Materno Infantil MINAS";"Días y horario: Lun a Vie de 07:30 a 12:30<br>Dirección: 18 de Julio	668	Domingo Perez y Florencio Sanchez";;;;;-1;0;-1;;
"POINT (-54.7806466 -34.0435828)";"HD112		IAMC CAMDEL Mariscala";"Días y horarios: Mi de 08:00 a12:00<br>Dirección: Av Artigas 	 s/n 	Treinta y tres y 8 de Octubre";;;;;-1;0;-1;;
"POINT (-54.9384642 -33.5273362)";HG111  Policlínica de ASSE Zapicán ;"Días y horarios: 4º Jue de 15:00 a 18:00<br> Dirección: 25 de Agosto	 s/n	Constitución";;;;;-1;0;-1;;
"POINT (-54.9447751 -34.921315)";"II130	Punta del Este IAMC	Asistencial Medica Maldonado";"Días y horarios: Vie de 08:00 a 12:50 Hrs.<br>Dirección: Louvre	s/n	Br Artigas y Avda Cordoba- PROVISORIO AVDA ROSSEVELT C/PASCUAL GATTAS";;;;;-1;0;-1;;
"POINT (-55.278874 -34.8613071)";"ID111 ASSE	Policlínica Piriápolis ";"Días y horarios: Lun,  Mi y Vie de 08:00 a 12:00<br>Dirección: Simón del Pino 	s/n	Dr. Héctor Barrios";;;;;-1;0;-1;;
"POINT (-58.0838074 -32.3261342)";"KK123  IAMC 	Servimed";"Días y horarios: Lun a Sábados de 08:00 a 10:00<br> Dirección: Soriano 	1192	Zorilla";;;;;-1;0;-1;;
"POINT (-58.3113145 -33.1148745)";"LL115	Fray Bentos IAMC	AMEDRIN";"Días y horarios: Lun, Mi, Vie de 16:00 a 18:00<br>Dirección: Rivera	s/n	25 de mayo y 33 Orientales";;;;;-1;0;-1;;
"POINT (-55.5445737 -30.9084753)";"MM111- MM112 RIVERA CHLA-EP	CP Rivera ";"Días y horarios: L a Vi de 07:30 a 13:00 hrs.<br>Dirección: Dr Perdomo	1078	25 de Agosto y 12 de Octubre";;;;;-1;0;-1;;
"POINT (-55.528614 -30.903401)";"MM113 Centro Salud ASSE ""Dr Jose Royol""";"Días y horarios: Lun a Vie de 08:00 - 11:30 y de 14:00 - 17:30 hrs.<br>Dirección: Avda. Libano	548	Taboba y Carambula";;;;;-1;0;-1;;
"POINT (-55.5408935 -30.9032601)";"MM115 IAMC	COMERI-Rivera";"Días y horarios: Lun a Vie de 08:00 a 11:30             Vacunación antigripal: Ma, Jue y Vie 13:00 a 16:30<br>Dirección: Ituzaingó	725	Brasil";;;;;-1;0;-1;;
"POINT (-55.5579168 -30.8933692)";MM116 Centro Medico y Odontológico Rivera (CEMOC);"Días y horarios: Lun. Mi y Viernes de 9:00 a 11:00<br>Dirección: Franco Segarra	700	Florencio Sanchez y Jose E. Rodo";;;;;-1;0;-1;;
"POINT (-54.3378056 -34.4773868)";"NN114 IAMC	COMERO Rocha";"Días y horarios: Mar., Mier. y Vier. de 6:30 a 11:30, Lun., Mier. y Jueves de 14:30 a 17:30. <br>Dirección: Eliseo Marzol	1857	Treinta y tres y Florencio Sanchez";;;;;-1;0;-1;;
"POINT (-53.4687224 -33.6940363)";NC111  Sub C.P CHLA-EP CHUY;"Días y horarios: Lun a Vi de 08:00 a 13:00 hrs.<br>Dirección: IPIRANGA 	s/n	Melo y Juan Agüero";;;;;-1;0;-1;;
"POINT (-56.7140184 -34.3379338)";PP114  - AMSJ Asociación  Médica San José;"Días y horarios: Lun a vie de 08:00 a 11:15 hs y de 14:30 a 17:30 hs<br>Dirección: Julián Becerro Bengoa	518	Treinta Y Tres y 25 de Mayo";;;;;-1;0;-1;;
"POINT (-56.713341 -34.3411473)";PP115  IAMC Intendencia Municipal de San José;"Días y horarios: Lun a V de 09:00 - 14:45<br>Dirección: Larrañaga	404	Ituzaingó y Artigas";;;;;-1;0;-1;;
"POINT (-56.443843 -34.741507)";PE116 CIUDAD DEL PLATA - AMSJ ;"Días y horarios: Mi de 13:30 a 17:00<br> Dirección: Cno de las Tropas	s/n	Av. Rio de la Plata";;;;;-1;0;-1;;
"POINT (-56.388069 -34.766523)";"PE114  ASSE	CENTRO AUXILIAR CIUDAD DEL PLATA";"Días y horarios: Lu a V de 13:00 a 17:00 hrs. <br>Dirección: Ruta 1 km 26 , manzana 67 - Calle Rivera s/n esq. Salto";;;;;-1;0;-1;;
"POINT (-57.9617368 -31.3916047)";OO111  C.P CHLA-EP Salto;"Días y horarios: Lun a Vie de 07:30 a 12:30<br>Dirección: 18 de Julio	s/n 	Varela y Cervantes";;;;;-1;0;-1;;
"POINT (-57.899715 -31.3834723)";"OO114 ASSE	UBA 3 - Bº URUGUAY";Días y horarios: Lun a Vie de 09:00 a 12:00<br>Dirección: Lorenzo Latorre s/n Manuel Oribe;;;;;-1;0;-1;;
"POINT (-57.9637522 -31.3888618)";"OO128	SALTO  IAMC	CENTRO DE ASISTENCIA MEDICA ";Días y horarios: Lun a Vie de 09:00 a 15:00 hrs.<br>Dirección: Artigas 937 esq. 33 Orientales;;;;;-1;0;-1;;
"POINT (-57.9721894 -31.4064672)";"OO113	SALTO ASSE	UBA 1- CENTRO DE SALUD ";Días y horarios: Lun a Vie de 08:00 a 12:00<br>Dirección: Lavalleja 1902 Patulé;;;;;-1;0;-1;;
"POINT (-57.8557765 -31.0634032)";"OE111  ASSE	Policlínica ASSE Constitución";"Días y horarios: Mi de 07:00 a 13:00<br>Dirección: Oxandabarat 	436	Treinta y Tres y 25 de Agosto";;;;;-1;0;-1;;
"POINT (-56.2119272 -34.9077687)";"JA118  ASSE	CHLA EP	Centro de Salud Ciudad Vieja";"Días y horarios: Lun a Vie de 08:15 a 12:15<br>Dirección: 25 de Mayo	183	Francisco Maciel y Guaraní";;;;;-1;0;-1;;
"POINT (-56.1409609 -34.8216087)";"JA123	Piedras Blancas 	ASSE	CHLA EP	Centro de Salud Dr Bardano Repetto";"Días y horarios: Lun a Vier de 8:00 a 12:30	<br>Dirección: Capitán Tula 	4145	José Belloni y Aurelia Ramos de Segarra";;;;;-1;0;-1;;
"POINT (-56.1634832 -34.8977625)";JB111 - HOSPITAL PEREIRA ROSSELL;"Días y horarios: Lun a Vie de 07:30 a 17:30<br>Dirección: Lord Ponsonby 2410, Bulevar artigas";;;;;-1;0;-1;;
"POINT (-56.1166009 -34.8718775)";JF205 MUCAM MALVÍN;"Días y horarios: Lun de 15:00 a 17:00<br>Teléfono: 2525 0528 <br>Dirección: Camino Carrasco 	4680	Roberto Berro y Estado de Israel";;;;;-1;0;-1;;
"POINT (-56.138406 -34.8750846)";"JB139	Unión ASSE	Hospital Pasteur";"Días y horarios: Lun a Vie de 06:30 a 11:30<br>Dirección: Larravide 	2411	Mateo Cabral";;;;;-1;0;-1;;
"POINT (-56.1552359 -34.8836654)";"JD118	Blanqueada 	FFFA HOSPITAL MILITAR";"Días y horarios: Lun a Vie de  08:00 a 12:00<br>Dirección: 8 de octubre	3050	Centenario";;;;;-1;0;-1;;
"POINT (-56.1611468 -34.8684535)";"JD119 DNSN	HOSPITAL POLICIAL";"Días y horarios: Lun a Vie de  07:30 a 17:00<br>Dirección: José Batlle y Ordoñez	3574	José P. Varela y Arrieta";;;;;-1;0;-1;;
"POINT (-56.1921002 -34.8288868)";"(CERRADO Temporalmente) JD128	Casavalle FFAA	CAP Nº1- Armada";"(CERRADO Temporalmente) <br>Días y horarios: Lun a Jue de 8:30 a 16:00<br>Dirección: Camino Casavalle	4344	Hamburgo";;;;;-1;0;-1;;
"POINT (-56.2104545 -34.9072776)";"JD129	Ciudad Vieja FFAA	CMI ARMADA";"Días y horarios: Lun. a Vie. de 8.00  a 11.30 Hrs.<br>Dirección: 25 de mayo	269	Pérez Castellanos y Colón";;;;;-1;0;-1;;
"POINT (-56.1628774 -34.8023072)";"JD130	Piedras Blancas FFAA	BOISO LANZA - CAP Nº 1 -FUERZA AEREA";"Días y horarios: Lun a Jue de 9:00 a 12:00 Hrs. y<br>Mar de 14:00 a 16:00 Hrs.<br> Dirección: Avda. Pedro de Mendoza 	 5.553,00 	Boiso Lanza y Cap.Coralio Lacosta";;;;;-1;0;-1;;
"POINT (-56.224364 -34.7986004)";"JE115	Colon Policlínica IMM Colon ";"Días y horarios: Lun a Mie de 9:00 a 12:00 Hrs.<br>Dirección: Avda. Garzón	2101	Duran y Calderón de la Barca";;;;;-1;0;-1;;
"POINT (-56.2326805 -34.8636099)";"JE119	La Teja	IMM Policlínica La Teja";"Días y horarios:  Viernes de 13:00 a 16:30 hrs.<br>Dirección: Carlos Mª Ramirez 	681	 José Castro y Rivera Indarte";;;;;-1;0;-1;;
"POINT (-56.1991293 -34.8378875)";"JE125	Lavalleja Policlínica IMM Lavalleja";"Días y horarios: Juev. y Sab de 08:00 a 11:30 <br>Dirección: Soria 	1342	Arangua y Oliveras";;;;;-1;0;-1;;
"POINT (-56.173541 -34.8335216)";"JE126  Policlínica IMM Casavalle 
";"Días y horarios: Mier. y Sab. de 09:00 a 12:00 Hrs.<br>Dirección: Leandro Gómez	 s/n	José Martiriné y avda Gustavo Volpe ";;;;;-1;0;-1;;
"POINT (-56.273157 -34.8373604)";JE129  Policlínica IMM Paso de La Arena;"Días y horarios:  Martes, Miercoles y Viernes de 09:00 a 12:00, Jueves de 11:30 a 14:00 <br>Dirección: Tomkimson	2459	Luis Batlle Berres y Camino Cibils";;;;;-1;0;-1;;
"POINT (-56.2585146 -34.8850888)";"JE131 Policlínica IMM Casabó
";Días y horarios: Mi y S menos 1er Mi de c/mes de 8:00 a 11:00<br>Dirección: Charcas 2690 Liberia y Camerún ;;;;;-1;0;-1;;
"POINT (-56.1763671 -34.8989335)";JE136 Policlínica IMM LUISA TIRAPARE;"Días y horarios: Mar. y Vier. de 14:00 a 17:00 hrs. Sab. de 10:30 a 12:30 hrs.  <br> Dirección: Uruguay	1936	Fernández Crespo y Arenal Grande";;;;;-1;0;-1;;
"POINT (-56.2005245 -34.8272276)";"JE137		IMM  ZULLY SANCHEZ";"Días y horarios: Mar. y Juev. 14:00 Hrs (se entregan 20N°)., Mier. 7:30 (se entregan 40N°) y Sab.8:00 hrs. (se entregan 20 N°). <br>Dirección: Cnel. Raiz 	s/n	 esq: Saravia";;;;;-1;0;-1;;
"POINT (-56.1791204 -34.9070378)";"JF113  IAMC 	CIRCULO CATÓLICO";Días y horarios: Lun a Vie de 08:30 a 14:30 Hrs.                                                        15:00 a 17:00 Hrs.<br>Dirección: Minas 1250;;;;;-1;0;-1;;
"POINT (-56.1644971 -34.895908)";"JF115 IAMC 	CUDAM	Bulevar Artigas ";"Días y horarios: Miercoles de 15:00 a 19:00 hrs. <br>Dirección: Bulevar Artigas 	1632	Avda Italia y Morales";;;;;-1;0;-1;;
"POINT (-56.1615084 -34.8944086)";JF117 HOSPITAL BRITANICO;"Días y horarios: Lun a Vie de 08:00 a 19:00, Sábados de 08:00 a 12:00. <br>Vacunación con agenda. <br>Dirección: Avelindo Miranda	2671	Avda Italia y Bauza";;;;;-1;0;-1;;
"POINT (-56.1604303 -34.8931681)";"JF125  IAMC 	MUCAM";"Días y horarios: Lun a Vie de 08:30 a 19:00, Sábados de 8:30 a 12:00<br>Dirección: Avda. Italia 	2550	Presidente Berro";;;;;-1;0;-1;;
"POINT (-56.1743448 -34.9001806)";"JF129  IAMC 	CASMU";"Días y horarios: Lun a Vie de 07:30 a 11:00 <br>                                                    14:30 a 18:15<br>Dirección: Arenal Grande	1549	Colonia y 18 de Julio";;;;;-1;0;-1;;
"POINT (-56.188604 -34.903936)";"JF137  IAMC 	SMI-IMPASA";"Días y horarios: Lun a Vie de 08:15 a 18:15<br>Dirección: Mercedes	1290	 Yí y Yaguarón";;;;;-1;0;-1;;
"POINT (-56.2499271 -34.8819111)";"JF150 IAMC 	ASOCIACIÓN ESPAÑOLA CERRO";"Días y horarios: 1º y 3º Vie. de cada mes de 14:00 a17:30 hrs.<br>Dirección: Grecia	3865	Suecia y Austria";;;;;-1;0;-1;;
"POINT (-56.1610244 -34.897138)";JF159 CLÍNICA SETIEMBRE - MP;Días y horarios: Lun a Vie de 08:00 a 17:00 hrs.   <br>Dirección: Dr Prudencio 2582 esq Pedro Cambell;;;;;-1;0;-1;;
"POINT (-56.0587971 -34.8903905)";JF162 CLÍNICA CARRASCO - MP;"Días y horarios: Lun a Vie de 08:00 a 17:00 hrs.<br>Dirección: Blanes Viale	6352 Puntas de Santiago y Divina Comedia";;;;;-1;0;-1;;
"POINT (-56.1185158 -34.8521251)";"JE139  IMM	Policlínica Crece
";"Días y horarios: Lun, Mi y Jue de 12:00 a 14:00<br>                             Ma y Sab de 08:00 a 12:00<br>Dirección: Manuel Acuña		Rubén Darío y Del Fuerte";;;;;-1;0;-1;;
"POINT (-56.1650672 -34.8912444)";"JF168 IAMC 	UCM CENTRAL";"Días y horarios: Lun a Vie de 10:30 a 13:30 hrs. y de 14:30 a 17:30 hrs.<br>Dirección: Bulevar Artigas	1956	Nicaragua y Miguelete";;;;;-1;0;-1;;
"POINT (-55.12986 -33.1053154)";"SA112	Cerro Chato	IAMC Médica Uruguaya ";"Días y horarios: Vie de 17:00 a 19:00<br>Teléfono: 44662166<br>Dirección: Liborio Rolan	s/n	Florida y Cerro Largo";;;;;-1;0;-1;;
"POINT (-53.805564 -33.2040476)";"SC111	Charqueada	ASSE	CHLAEP	 Policlínica";"Días y horarios: 2do Jueves del mes de 08:00 a 12:00<br>Teléfono: 4459 2225<br>Dirección: Dr. Jose Ellauri	s/n	Gral Diego Lamas y Gral Villagran";;;;;-1;0;-1;;
"POINT (-56.056684 -34.8906523)";"JF183 IAMC 	UCM CARRASCO";"Días y horarios: L a V de 15:30 a 18:30 Hs. y Miercoles y Viernes de 9:30 a 12:30<br>Dirección: Avda. Arocena 	1545	Rambla Rep de Mex";;;;;-1;0;-1;;
"POINT (-56.2730816 -34.836186)";"JF188  IAMC 	ASOCIACIÓN ESPAÑOLA Paso de la Arena";Días y horarios: Ma de 08:30 a 11:30 hrs.<br>Dirección: Luis Batlle Berres 6665 esq Tomkinson;;;;;-1;0;-1;;
"POINT (-56.1584024 -34.9218705)";"JF189  IAMC 	COSEM PTA. CARRETAS";"Días y horarios: Lun a  Vie de 09:15 a 19:00<br>                             Sab de 09:00 a 12:30<br>Dirección: José Ellauri	461	Joaquín Núñez y Montero";;;;;-1;0;-1;;
"POINT (-53.9364473 -32.9386714)";"SE111	Vergara	ASSE	CHLAEP - Centro Auxiliar ";"Días y horarios: Último Miércoles del mes de 07:00 a 10:00<br>Teléfono: 4458 2070<br>Dirección: Cnel. M. Barreto	1260, esquina Fortunato Jara Bernardo Silvera";;;;;-1;0;-1;;
"POINT (-56.2336372 -34.8638376)";"JF191 IAMC 	SMI LA TEJA";"Días y horarios: Lun, Mi y Jue de 12:10 a 15:45<br>Dirección: Carlos María Ramírez 	732	 Agustín Muñoz y Ascasubi";;;;;-1;0;-1;;
"POINT (-53.9384688 -32.9378071)";"SE112	Vergara	IAMC	IAC - Instituto De Asistencia Colectivo ";"Días y horarios: Ma y Vie (menos el último del mes) de 14:00 a 16:00<br>Teléfono: 4458 2075<br>Dirección: Cnel. M. Barreto	1101	esq. Fco. Tajes";;;;;-1;0;-1;;
"POINT (-56.1597134 -34.8920839)";"JF202 IAMC 	COSEM Parque Batlle";"Días y horarios: Lun a Vie de 09:15 a 19:00, Sáb de 09:15 a 12:00<br> Dirección: Avda. Italia 	2603	 Dr. Manuel Albo y Presidente Berro";;;;;-1;0;-1;;
"POINT (-56.1556523 -34.9144019)";"JF215 IAMC 	UCM POCITOS";"Días y horarios: Lun a Vie de 15:30 a 18:30 hrs.<br>Dirección: Sarmiento	2626	Luis de la Torre y Fco Aguilar";;;;;-1;0;-1;;
"POINT (-56.1874783 -34.9045333)";"JF221  IAMC 	Asociación Española Centro";"Días y horarios: Ma y Jue de 09:00 a 12:30 hrs.<br>Dirección: Colonia 	1329	Ejido y Yaguarón";;;;;-1;0;-1;;
"POINT (-56.1584981 -34.9247654)";JF222  Asociación Española Punta Carretas ;Días y horarios: Lun. a Mié. y Vie. de 14:00 a 17:30 Hrs.<br>Dirección: Ellauri 3060 local 338/350 3ER nivel shopping;;;;;-1;0;-1;;
"POINT (-56.1344964 -34.9071583)";"JF225  IAMC	SUMMUM";Días y horarios: Lun a Vie de 08:00 a 19:00<br>Dirección: Tomas de Tezanos 1029 esq Antonio D Costa ;;;;;-1;0;-1;;
"POINT (-56.2155457 -34.727976)";"BA122 IAMC	MUCAM Las Piedras";"Días y horarios: Jue de 13:30 a 16:00<br>Dirección: Instrucciones del año XIII	s/n	Leandro Gómez y Fructuoso Rivera";;;;;-1;0;-1;;
"POINT (-56.2276558 -34.7617855)";"BC11101 IAMC	CRAMI La Paz";"Días y horarios: Viernes a partir de las 15:00 Hrs.<br>Dirección: José E Rodó 	s/n	 Cesar Mayo Gutiérrez y Emilio Andreon";;;;;-1;0;-1;;
"POINT (-56.0401707 -34.4966941)";BF115 Policlínica ASSE Santa Rosa;"Días y horarios: 1er y 3er Mi	08:30 - 11:00<br>Dirección: 18 de julio	 s/n 	Batlle y Ordoñez y Dr. Llambóies";;;;;-1;0;-1;;
"POINT (-55.9599238 -34.4428302)";BF114  Policlínica ASSE San Bautista;"Días y horarios: 2do Mi de 08:30 a 11:00<br> Dirección: Justo Álvarez	s/n	Yamandú Maurat";;;;;-1;0;-1;;
"POINT (-54.9485595 -32.9233988)";"SD112	Santa Clara Del Olimar - IAMPP	CAMCEL	Cooperativa De Asistencia Medica Cerro Largo
";"Días y horarios: Mie de 09:00 a 11:00<br>Teléfono: 44645068<br>Dirección: 25 de Agosto 	esq. Cnel. Modesto Polanco ";;;;;-1;0;-1;;
"POINT (-56.072193 -34.7526114)";"BE134 ASSE	CHLA-EP	Policlínica Casarino ";"Días y horarios: 2°, 3° y 4° Viernes al mes, de 08:30 a 11:00<br>Dirección: Camino del Andaluz Km 3.200	s/n	Calle 7";;;;;-1;0;-1;;
"POINT (-56.0203177 -34.7655563)";"BE188  ASSE	CHLA-EP C. CIVICO SALVADOR ALLENDE
";"Días y horarios: Mié., Jue. y Vie. de 08:00 a 12:00 Hrs.  <br>Dirección: Ruta 8 Km 23.700		Camino Paso al Escobar";;;;;-1;0;-1;;
"POINT (-55.6769933 -34.7612152)";Policlínica ASSE La Floresta;Jornada a confirmar<br>Teléfono: 2373 8612<br>Jornada a confirmar;;;;;-1;0;-1;;
"POINT (-55.8393954 -34.7794946)";BE120  Policlínica ASSE Salinas;"Se coordina según necesidad del servicio, 09:00 a 12:00 hrs. <br>Teléfono: 4376 8198<br>Dirección: Avda. Julieta 	s/n	 Guazubirá Km.38 y Yaguaretté";;;;;-1;0;-1;;
"POINT (-55.7152906 -34.743316)";BE119  Policlínica de ASSE Parque del Plata Norte;"Día y horario:  Martes y Miercoles se entregan números a partir de las 09:00<br>Teléfono: 4275 2407<br>Dirección: Teatro de Verano	 s/n";;;;;-1;0;-1;;
"POINT (-55.7601559 -34.7754572)";"BE148  IAMC	CAAMEPA Atlántida";Días y horarios: 1º y 2º Martes de 14:00 a 17:00<br>Dirección: República Argentina  esq. República de Chile;;;;;-1;0;-1;;
"POINT (-56.0096633 -34.7576241)";BE12801 CAAMEPA Policlínica Barros Blancos ;"Días y horarios: 2 º y 4º Mi de 13:30 a 15:30<br>Dirección: Ruta 8 Km 25		Ansina y 25 de Agosto";;;;;-1;0;-1;;
"POINT (-55.8975105 -34.6948165)";"BE11501  IAMC	CAAMEPA EMPALME OLMOS";"Días y horarios: 1º y 4º Juev. de 14:30 a 17:30<br>Dirección: L:A. De Herrera	 s/n	Ruta 8 km 40";;;;;-1;0;-1;;
"POINT (-55.6773571 -34.758972)";"BE185  IAMC	CAAMEPA La Floresta";"Días y horarios: 1° y 3° Juev. de 14:30 a 16:30<br>Dirección: Treinta y Tres 	s/n 	Makinon";;;;;-1;0;-1;;
"POINT (-56.0336734 -34.7335436)";BE12501 IAMC CAAMEPA Suárez;"Días y horarios: 1º y 3º Vier. de 14:00 a 17:00<br> Dirección: José P. Varela 	s/n 	 Bvar. Artigas y Juan Díaz de Solis";;;;;-1;0;-1;;
"POINT (-55.7080796 -34.68412)";"BE183  IAMC	CAAMEPA Soca";"Días y horarios: 2° y 4° Lun de 14:00 a 16:00<br>Dirección: Zenón Burgueño 	s/n 	Wilson Ferreira Aldunate y Calle 2";;;;;-1;0;-1;;
"POINT (-55.9241736 -34.7879163)";Policlínica ASSE Autódromo ;"Días y horarios: Jue de 13:15 a 16:30<br>Dirección: Rio Negro	s/n	Interbalnearea km 30";;;;;-1;0;-1;;
"POINT (-55.9392184 -34.8002504)";BE141 Policlínica ASSE El Pinar ;"Días y horarios: Miércoles de 13:15 a 16:30<br>Dirección: Eduardo Pérez	 s/n	Ciudad de Pando y Martin Fierro";;;;;-1;0;-1;;
"POINT (-55.959171 -34.7237117)";"BE180  IAMC	MUCAM Pando";"Días y horarios: Mi de 12:30 a 14:30hrs.<br>Dirección: Avda. Artigas	1246	Cabrera";;;;;-1;0;-1;;
"POINT (-55.9752794 -34.8316157)";"BE178 IAMC	MUCAM SOLYMAR";"Días y horarios: Ma y Mi 	15:00 A 17:30<br>Dirección: Avda. Giannastassio Man.966 Solar 8F		Jose E Rodo y Calle 70";;;;;-1;0;-1;;
"POINT (-56.0082877 -34.8211383)";"BD113 ASSE	Policlínica Ayuda a la Madre ";"Días y horarios: Viernes 13:15 a 16:30<br>Dirección: Ruta 101 		Ruta 102";;;;;-1;0;-1;;
"POINT (-56.0523002 -34.8598009)";"BD111 ASSE	 Policlínica MONTERREY";"Días y horarios: Ma de 09:00 a 12:00 Hrs. Entrega 20 números.<br> Dirección: Maciel	116	Eduardo Acevedo y Calcáneo";;;;;-1;0;-1;;
"POINT (-55.9620002 -34.824516)";"BE169  IAMC	CASMU Solymar";"Días y horarios: Ma y Mi	13:30 - 17:30<br>Dirección: Gral. José Gervasio Artigas 		Avda. Giannastassio Km 23.800 y James Summer";;;;;-1;0;-1;;
"POINT (-55.963235 -34.8125206)";"BE11102  ASSE	Comisión fomento Don Arturo";"Días y horarios: 1er Lunes de cada mes, de 13:15 - 16:30<br>Dirección: Interbalneria Km 25- Paso Escobar Márquez Castro";;;;;-1;0;-1;;
"POINT (-58.2131929 -33.5342422)";"QD111	DOLORES	ASSE	CHLA EP	Sub C.P CHLA-EP ";Días y horarios: Martes 08:00-12:30<br>Dirección: Cheveste y Carlos Puig<br>Teléfono: 4534 2191 int 117;;;;;-1;0;-1;;
"POINT (-58.2653722 -33.8073078)";"QA111	AGRACIADA	Policlínica ASSE CHLA EP ";"Días y horarios: 4º Lunes del mes de 08:30 a 11:00<br>Teléfono: 4540 4009<br>Dirección: Gral. Artigas	 s/n entre Fructuoso Rivera y Dr. Fuentes Méndez";;;;;-1;0;-1;;
"POINT (-54.7592414 -32.8368906)";CE112 Camcel Tupambaé;"Días y horarios: 2º y 4º Ma de 13:00 a 16:00<br>Teléfono: 46852307<br>Dirección: Cont Ruta 7	 s/n 	Avda Gral Artigas";;;;;-1;0;-1;;
"POINT (-56.4794688 -33.0557909)";EC111 - ASSE - CHLA-EP Policlínica RAP Carlos Reyles ;Días y horarios: Último jueves de cada mes de 8:00 a 12:00 <br>Teléfono: 4368 2070<br>Dirección: Rivera & Antonio Casabo;;;;;-1;0;-1;;
"POINT (-56.0100207 -33.2397929)";ED111  ASSE-CHLA EP-Policlínica RAP Villa Carmen ;"Días y horarios:  3º Miercoles	08:00 - 12:00<br>Teléfono: 4365 4077 <br>Dirección: Andrés Faraut 	s/n 	Rodolfo Angelis";;;;;-1;0;-1;;
"POINT (-55.5827196 -32.7279177)";EF111 ASSE-CHLA EP-Policlínica RAP La Paloma ;"Días y horarios: 1º Jueves	08:00 - 12:00<br>Teléfono: 43603026<br>Dirección: Celia Galarza de Sánchez	 s/n	Gallinal y Calle G";;;;;-1;0;-1;;
"POINT (-57.8077587 -33.9412823)";DI112  CAMOC O. DE LAVALLE;"Días y horarios: 2º y 4º Lun del mes de 11:30 a 16:00<br>Teléfono: 45762285<br>Dirección: Esteban Rochón	980	Fortunato y Atala T. de Mendivil";;;;;-1;0;-1;;
"POINT (-58.405058 -33.8731943)";DH113 - CAMOC Nueva Palmira;Días y horarios: 1° y 3° Lunes de 9:00 a 12:00 Hrs.<br>Teléfono: 45422245<br>Dirección: Juan José Murguía;;;;;-1;0;-1;;
"POINT (-57.647296 -34.0050454)";"DB112 IAMC	CAMEC COLONIA MIGUELETE";"Días y horarios: Martes de 13:30 a 14:30<br>Teléfono: 4575 2160<br>Dirección: José P. Varela	s/n	Luis Berger y 28 de marzo";;;;;-1;0;-1;;
"POINT (-57.2622985 -34.3400749)";"DC112  IAMC	CAMEC COLONIA VALDENSE";"Días y horarios: Mi de 13:30 a 16:30 hrs.<br>Teléfono: 4558 8864<br>Dirección: José Pedro Varela	 s/n	11 de Junio y Daniel Damad ";;;;;-1;0;-1;;
"POINT (-57.2550113 -34.4337182)";"DC114  IAMC	CAMEC Playa Fomento";"Días y horarios: a coordinar de  14:00 a 18:00<br>Teléfono: 4587 2151<br>Dirección: La capilla 	s/n	Rincon del Rey";;;;;-1;0;-1;;
"POINT (-58.105075 -33.7000776)";"QB111	CAÑADA NIETO Policlínica ASSE ";"Días y horarios: 2º Jueves del mes de 08:00 a 11:00<br>Teléfono: 4530 4054<br>Dirección: Ruta 96 Km 44	 s/n esq.  E. Valdenses";;;;;-1;0;-1;;
"POINT (-57.4485821 -34.4132327)";"DF111-01  CHLA EP	POLICLINICA ASSE Villa Pancha";Días y horarios: Último Martes de 8:30 a 13:00 Hrs.<br>Teléfono: 4586 5308<br>Dirección: Zelmar Michelini Esq. Julio Rodríguez;;;;;-1;0;-1;;
"POINT (-57.6300582 -33.599958)";QE111 Policlínica ASSE Egaña ;"Días y horarios: 2º Jueves de cada mes de 08:30 a 10:30<br>Teléfono: 4530 8018<br>Dirección: Coquimbo	 s/n entre Tabaré y Zapicán";;;;;-1;0;-1;;
"POINT (-54.5373887 -33.45608)";"HC112  IAMC 	Institutos de Asistencia Colectiva ";"Días y horarios: Último Viernes de cada mes de 13:45 a 15:45 Hrs.<br>Teléfono: 4455 9243<br>Dirección: Soriano 	713	J A Lavalleja";;;;;-1;0;-1;;
"POINT (-54.9121485 -34.9228735)";"Policlínica Los Caracoles 
EX Barrio Kennedy";"Días y horarios: Mie de 09:00 a 12:00<br>Teléfono: 4249 7466<br>Dirección: Av. San Pablo 	s/nº/ 	Isabel de Castilla y Rocha";;;;;-1;0;-1;;
"POINT (-54.9452535 -34.8646806)";"II121  ASSE	Policlínica Barrio Hipódromo";"Días y horarios: Ma de 13:00 a 17:00 hrs.<br>Teléfono: 4225 8203<br>Dirección: Incas	S/n	calle 1 y calle 3";;;;;-1;0;-1;;
"POINT (-55.1298861 -34.8610391)";"II118 ASSE	Policlínica La Capuera ";Días y horarios: Viernes de 08:00 a 12:00<br>Teléfono: 4255 9821 / 091432115<br>Dirección: Avda. Costanera - Localidad La Capuera- KM 116 de Ruta Ínterbalnearia;;;;;-1;0;-1;;
"POINT (-58.054203 -32.9848644)";"LA111  ASSE	Policlínica ASSE Nuevo Berlín ";"Días y horarios: 1º y 3º Vie de 12:00 a 14:00<br>Teléfono: 4568 2046<br>Dirección: Dr.Pita Nebril 	s/n	 Fco. Repetto y Artigas";;;;;-1;0;-1;;
"POINT (-58.1325476 -32.6604653)";LB111 Policlínica ASSE San Javier;"Días y horarios: 1° y 3er Viernes de cada mes de 9:00 a 11:00<br>Teléfono: 45692021<br>Dirección: Basilio Luvkov	 s/n 	Colón y Fray Bentos";;;;;-1;0;-1;;
"POINT (-53.5495038 -34.0348578)";NA111-01 Policlínica ASSE Punta del diablo;Días y horarios: 3º Ma de 10:00 a 12:30<br>Teléfono: 44772915<br>Dirección: Explanada entrada a la playa la viuda s/n;;;;;-1;0;-1;;
"POINT (-53.7951753 -33.2700136)";NB111 Policlínica ASSE Cebollatí;"Días y horarios: 1º Ma de 08:00 a12:00<br>Teléfono: 4459 9034<br>Dirección: San Miguel	s/n	 Lascano y Dr. Mario Sobrero";;;;;-1;0;-1;;
"POINT (-54.1583284 -34.6584789)";NF111  Policlínica ASSE La Paloma ;"Días y horarios: 1º Jue 08:00 a 12:30<br>Teléfono: 4479 6060<br>Dirección: Avda. La Paloma	s/n	Aries";;;;;-1;0;-1;;
"POINT (-54.1767209 -34.6741582)";Policlinico Comero IAMPP;"Días y Horarios: Ma de 15:30 a 17:30 Hrs.<br>                               Vi de 15:00 a 17:00 Hrs.<br>Teléfono: 4479 9140 <br>Dirección: Av. Nicolás Solari	s/n Av. Sirio";;;;;-1;0;-1;;
"POINT (-53.4018125 -33.7638125)";"NC114 CHLA EP	Policlínica ASSE Barra del Chuy";"Días y horarios: 3º J	08:00-12:00<br>Teléfono: 44748182<br>Dirección: Parada 2		Calle 14 y Calle 5";;;;;-1;0;-1;;
"POINT (-53.5163107 -33.8975148)";"ND111 CHLA EP 	Policlínica ASSE La Coronilla ";"Días y horarios: 4° Jue de 08:00 a 12:00<br>Teléfono: 4476 2889<br>Dirección: Leopoldo Fernández	 s/n	 Ruta 9 y Calle 434º ";;;;;-1;0;-1;;
"POINT (-53.718039 -33.6037724)";"NH111 CHLA EP	Policlínica ASSE San Luis ";"Días y horarios: 2º Jue de 08:00 a 12:00<br>Teléfono: 44704015<br>Dirección: Camino de la Balza - Principal 	s/n	calle 1 y Calle 2";;;;;-1;0;-1;;
"POINT (-53.5546567 -33.6839212)";"NK111 CHLA EP 	Policlínica ASSE 18 de Julio";"Días y horarios: 1° Jue de 08:00 a 12:00<br>Teléfono: 44746573 <br>Dirección: Dr. Lician Canzani	 s/n	Vicente Fernández y Artesanos de las Piedras";;;;;-1;0;-1;;
"POINT (-57.0464756 -34.3568499)";"PC112	E Asociación Medica San José ECILDA PAULLIER";"Días y horarios: 4to Vi	14:30 a 17:00<br>Teléfono: 4349 2454<br>Dirección: Rodríguez Bonavita	1709	Federico Paullier";;;;;-1;0;-1;;
"POINT (-56.5406356 -34.3839095)";PG112  Asociación Medica San José - Rodríguez;"Días y horarios: 2º Vi	14:00 a 17:00<br>Teléfono: 4342 2215 int 3801<br>Dirección: Av. Santiago Rodríguez	s/n	Leon Jude y Gilberto Pedrouzo";;;;;-1;0;-1;;
"POINT (-57.5255065 -33.7014866)";"QF111  CHLA EP 	Policlínica ASSE E. Rodo ";"Días y horarios: 1º Vie de 07:45 a 10:30<br>Teléfono: 4538 2105<br>Dirección: Ruta 2 Km 208	s/n	Calle 14 y Calle 16";;;;;-1;0;-1;;
"POINT (-57.8064233 -33.5097667)";QG111 Policlínica ASSE Palmitas ;"Días y horarios: 1º Mi	08:00-10:45<br>Teléfono: 4537 9851<br>Dirección: Vicente Orcoyen 	s/n 	Laurena Jauregui y Rodríguez Serrano";;;;;-1;0;-1;;
"POINT (-57.4568948 -33.0592283)";"QH111  CHLA EP 	Policlínica ASSE Represa Palmar ";"Días y horarios: 3º Lun 10:00 a 13:00<br>Teléfono: 4530 2593<br>Dirección: Avda Brasil	s/n	 Venezuela y México";;;;;-1;0;-1;;
"POINT (-57.4920896 -33.7867027)";"QI111  CHLA EP 	Policlínica ASSE Santa Catalina 	Rufino Vázquez ";"Días y horarios: 4º Ma	07:30 a 10:30<br>Teléfono: 4538 8346<br>Dirección: Rufino Vázquez 	s/n	Genaro de León y Salvador Viola";;;;;-1;0;-1;;
"POINT (-57.5706978 -33.6223747)";"QJ111 CHLA EP 	Policlínica ASSE Risso";"Días y horarios: 2º Vie de 08:30 a 10.45<br>Teléfono: 4530 8114<br>Dirección: Calle 3	 s/n	Calle 8 y Calle 10";;;;;-1;0;-1;;
"POINT (-58.3203614 -33.3943889)";"QK111  CHLA EP 	Policlínica ASSE Villa Soriano";"Días y horarios: 4º Vie de 08:00 a 11:00<br>Teléfono: 4530 4139<br>Dirección: Cabildo 	s/n	Florida -Frente a la plaza";;;;;-1;0;-1;;
"POINT (-57.6402899 -33.1215003)";"QL111  CHLA EP 	Policlínica ASSE Darwin (Sacachispas)";Días y horarios: 3º Lun de 07:30 a 10:00<br> Dirección:  Con Roque P. Gil s/n Ruta 14 km 34500;;;;;-1;0;-1;;
"POINT (-55.9723387 -34.8302127)";"BE151 IAMC	Española Solymar
";"Días y horarios: L, Mi y V de 14:00 a 17:30 hrs.<br>Dirección: Avda. Giannastassio Km 22.500 		José Enrique Rodo y Paul Harris ";;;;;-1;0;-1;;
"POINT (-56.0907361 -34.7472877)";"BF117	T Sub C.P CHLA-EP TOLEDO";"Días y horarios: (Cerrado por reformas hasta el 11/3/26) - Horario habitual: Mar y Juev  08:30-12:00<br>Dirección: Camino Silvestre Guillen 	s/n	Ruta 85 y La Vía";;;;;-1;0;-1;;
"POINT (-54.2802023 -34.0382817)";NI 111 - Policlínica Velázquez;"Días y Horarios: 3er Martes de 9:00 a 12:00 <br>Teléfono:44577290<br>Dirección: Calle C I 13 s/n, Gral Artigas y B. Aquirre";;;;;-1;0;-1;;
"POINT (-56.3953364 -34.5767254)";Policlínica ASSE Campo Militar Cerrillos ;"Días y horarios: 4to Mi de 10:00  a 13:00  <br>Dirección: Ruta 36 km 40, esq. Veracierto ";;;;;-1;0;-1;;
"POINT (-55.7023265 -34.7587331)";BE192 - ASSE Policlínica Parque del Plata Sur;Días y Horarios: Lunes y Miércoles de 7:00 a 11:00 hrs. <br>Dirección: <br>Diagonal 11 esq. Zorilla de San Martin ;;;;;-1;0;-1;;
"POINT (-56.7955686 -34.5264336)";PF112 - AMCJ Rincón del Pino ;"Días y horarios: 1er viernes de 14:30 a 17:00<br>Ruta 1 Nueva, KM 72, entre Ruta 3 y Ruta 1.";;;;;-1;0;-1;;
"POINT (-58.0307445 -34.1581789)";DE111 - Policlínica ASSE Conchillas ;Días y horarios: 4° Viernes de 09:00 a 11:00 Hrs.<br>Teléfono: 45772013 <br>Dirección: Camino al puerto s/n próximo a escuela 104. ;;;;;-1;0;-1;;
"POINT (-57.1074252 -34.1989906)";"DG112 - ASSE	IAMC	CAMEC CUFRE";"Días y horarios: Ultimo Miercoles de cada mes, de 9:00 a 11:00 <br>Teléfono: 45550 23401<br>Dirección: Ruta 52 -Sarandí	 s/n	Jacarandi y Espinillo";;;;;-1;0;-1;;
"POINT (-55.1221385 -33.8747674)";CAMDEL Polanco ;Días y horarios: 4to Mi de 15:00 a 18:00 <br>Teléfono: 44402599<br>Dirección:  Salón Comunal ;;;;;-1;0;-1;;
"POINT (-56.2238328 -34.8045726)";JF167 CUDAM COLÓN ;"Días y horarios: Mar. Juev. y Viernes de 14:30 a 18:30, Sáb de 07:30 a 11:30 Hrs.<br>Dirección: Av. Lezica 5679";;;;;-1;0;-1;;
"POINT (-56.2238317 -34.8028142)";JF220 Española Colón;Días y horarios: Ma y Jue de 14:00 a 17:30 <br>Dirección: Garzón 2003 Bis esq. Margarita;;;;;-1;0;-1;;
"POINT (-56.2082556 -34.8423553)";JF228 - CIRCULO CATÓLICO (EX CASA DE GALICIA);Días y horarios: Lunes a Viernes de 14:30 a 19:00 hrs.<br>Dirección: Millan 4480;;;;;-1;0;-1;;
"POINT (-56.8941543 -33.5243196)";"FF111	C.P CHLA-EP TRINIDAD";"Días y horarios: L a V	8 a 13<br>Dirección: Manuel Irazabal entre Lavalleja y Wilson Ferreira Aldunate – Predio Hogar de ancianos";;;;;-1;0;-1;;
"POINT (-56.3922176 -34.2886457)";"GB111  CHLA EP	Policlínica ASSE Cardal";"Días y horarios: a confirmar<br>Teléfono: 4339 8059<br>Dirección: Av. Artigas	 s/n	 Ruta 77 y José Rossi";;;;;-1;0;-1;;
"POINT (-55.5503994 -33.8647339)";"GD111 CHLA EP	Policlínica ASSE Cerro Colorado";"Días y horarios: a confirmar<br>Teléfono: 43182066<br>Dirección: Ruta 7 Km 145.500	s/n	El Baqueano y Los Potros";;;;;-1;0;-1;;
"POINT (-55.9177247 -34.2449211)";"GE111 CHLA EP 	Policlínica ASSE Chamizo";"Días y horarios: a confirmar<br>Teléfono: 43192070<br>Dirección: Florida Ruta 94	 s/n 	25 de Agosto y 18 de Febrero";;;;;-1;0;-1;;
"POINT (-55.7382608 -34.1960075)";"GF111  CHLA EP	Policlínica ASSE Fray Marcos ";"Días y horarios: a confirmar<br>Teléfono: 4311 6070<br>Dirección: Giambruno / Ruta 7 	 s/n 	Rincón y 18 de Julio";;;;;-1;0;-1;;
"POINT (-56.3993005 -34.3534782)";"GI111 CHLA EP	Policlínica ASSE Independencia";"Días y horarios: a confirmar<br>Teléfono: 43382122<br>Dirección: Ruta 77 Km 71.	s/n	Avda Artigas";;;;;-1;0;-1;;
"POINT (-56.341872 -34.1976226)";GJ111 CHLA EP- IMF Policlínica ASSE 25 de Mayo;"Días y horarios: a confirmar<br>Teléfono: 4339 2065<br>Dirección: 19 de Junio 	s/n	Ruta 77 y Fructuoso Rivera";;;;;-1;0;-1;;
"POINT (-56.3993424 -34.4129537)";"GM111 CHLA EP	Policlínica ASSE 25 de agosto";"Días y horarios: a confirmar<br>Teléfono: 4338 2032<br>Dirección: Ruta 77 km 72	s/n	Manuel Calleras";;;;;-1;0;-1;;
"POINT (-56.4130145 -33.5202987)";GH111  Policlínica ASSE Goñi;"Días y horarios: a confirmar<br>Teléfono: 43502825<br>Dirección: Ruta 5 km 162	s/n	 Sarandí y Durazno";;;;;-1;0;-1;;
"POINT (-56.2364411 -33.9296117)";"GK111 CHLA EP 	Policlínica ASSE LA Cruz ";"Días y horarios: a confirmar<br>Teléfono: 43502416<br>Dirección: Avda. Artigas 	s/n	Ruta 5 km 131";;;;;-1;0;-1;;
"POINT (-56.1562661 -33.4878686)";"GL11101 CHLA EP	Policlínica ASSE Polanco del Yi";"Días y horarios: a confirmar<br>Teléfono: 43502833<br>Dirección: Ruta 42 km 40 		Escuela Nº14 Continuación Ruta 42";;;;;-1;0;-1;;
"POINT (-56.2148988 -34.2805201)";GN111  Policlínica ASSE Mendoza Grande ;"Días y horarios: a confirmar<br>Teléfono: 43395033<br>Dirección: Ex Ruta 5 km 74/ Isidoro Rocca 	s/n	Florida";;;;;-1;0;-1;;
"POINT (-56.7433183 -33.493876)";"FF11102  CHLA EP	Escuela Nº 25 - Ex Ruta 14 Km 153 ";"Días y horarios: a confirmar<br>Dirección: Juan J. Castro	 s/n	Pedro Campbell<br>Teléfono: 43604495";;;;;-1;0;-1;;
"POINT (-57.1306741 -33.16812)";"FA111 CHLA EP	Policlínica ASSE ANDRESITO";"Días y horarios: a confirmar<br>Teléfono: 43604286<br>Dirección: Senaque	 s/n	Vaimaca Perú y Araza";;;;;-1;0;-1;;
"POINT (-57.0864962 -33.9581224)";"FB111  CHLA EP	Policlínica ASSE ISMAEL CORTINAS ";"Días y horarios: a confirmar<br>Teléfono: 45392009<br>Dirección: A. Saravia	 s/ n 	 Luis A. de Herrera Herrera y Gustavo Castellanos";;;;;-1;0;-1;;
"POINT (-56.7991861 -33.7264543)";"CHLA EP 	Policlínica Cerro Colorado";"Días y horarios: a confirmar<br>Dirección: Ruta 3 - Mevir 	s/n*<br>Teléfono: 43604537";;;;;-1;0;-1;;
"POINT (-55.9554068 -34.7207634)";BE111 - C.P CHLA-EP PANDO;Cerrado temporalmente<br>Días y horarios: Lunes a Jueves de 7:30 a 11:45<br>Dirección: Dr. Luis Correch 1149<br>Teléfono: 92683056;;;;;-1;0;-1;;
"POINT (-55.4930323 -34.7932519)";"BE114 ASSE	Policlínica Cuchilla Alta ";"Se coordina según necesidad del servicio, de 09:00 a 12:00 hrs.<br>Teléfono: 4378 8139<br>Dirección: Montevideo 	s/n	AV Agustín Pons";;;;;-1;0;-1;;
"POINT (-56.2825926 -34.5321985)";"BB116  IAMC	COMECA Canelones
				
";Días y horarios: Lun. de 07:30 a 11:30 Hrs. / Mar. y Juev. de 7:00 a 11:00 Hrs. /  Mié. y Vie. de 14:00 a 18:00 Hrs.<br>Dirección: Treinta y Tres 136;;;;;-1;0;-1;;
"POINT (-55.0771773 -32.6401612)";Policlinica Arévalo;Días y horarios: Bimensual a confirmar<br>Teléfono: 4640 4040<br>Dirección: Ruta 38 y Poblado Arevalo;;;;;-1;0;-1;;
"POINT (-54.6857601 -32.5109871)";Policlinica Tres Islas ;"Días y horarios: Bimensual a confirmar<br>Teléfono: 4680 8146<br>Dirección: Carmen ( Ruta 7 km 346), San Antonio y San Benito";;;;;-1;0;-1;;
"POINT (-55.2225905 -32.4638088)";Policlinica Paso Pereira ;Días y horarios: Bimensual a confirmar<br>Teléfono: 4640 4487<br>Dirección: Ruta 6 y Ruta 38;;;;;-1;0;-1;;
"POINT (-54.3503932 -32.4044539)";Policlinica Bañado de Medina ;Días y horarios: Mensualmente a confirmar<br>Teléfono: 4640 2068 <br>Dirección: Ruta 7 km 302 ;;;;;-1;0;-1;;
"POINT (-57.6082897 -32.3721321)";Policlinica Tierras Coloradas ;Días y horarios: Bimensual<br>Teléfono: 4747 2243<br>Dirección: 18 de Julio y Puntas del arroyo Negro;;;;;-1;0;-1;;
"POINT (-54.5929926 -32.6191586)";Policlinica Cerro de las Cuentas;Días y horarios: Bimensual a confirmar<br>Teléfono: 4680 8150<br>Dirección: Ruta 7 km 339;;;;;-1;0;-1;;
"POINT (-54.4599569 -32.6020936)";Policlinica Cuchilla Grande ;Días y horarios: Bimensual<br>Teléfono: 4680 8295<br>Dirección: Ruta 7 km 340;;;;;-1;0;-1;;
"POINT (-54.6380038 -32.349354)";Policlinica Ramon del Trigo;Días y horarios: Bimensual a confirmar<br>Teléfono: 4680 8174<br>Dirección: Ruta 26 km 388;;;;;-1;0;-1;;
"POINT (-57.0450356 -32.8177281)";LD111- Policlínica ASSE - Pueblo Greco ;"Días y horarios: BIMESTRAL a confirmar<br>Teléfono: 4560 6118<br>Dirección: Calle 8, Calle 5. Prox. Escuela Nº4 y Comisaria 10";;;;;-1;0;-1;;
"POINT (-57.3892009 -32.4203072)";LE111 - Policlínica ASSE - Algorta Pueblo Greco;Días y horarios: BIMESTRAL a confirmar<br>Teléfono: 47452005<br>Dirección: Dr. Calcagno y 18 de Julio. Prox. Escuela Nº23;;;;;-1;0;-1;;
"POINT (-57.3890263 -32.5595396)";LF111 - Policlínica ASSE Paso de la Cruz;Día y horario: A confirmar<br>Teléfono: 4560 7588<br>Dirección: Dr. Borges y Comisaría 7ma. Próx. Escuela Nº22;;;;;-1;0;-1;;
"POINT (-57.1636708 -32.5192281)";Policlínica ASSE Paso de los Mellizos;"Día y horario: BIMESTRAL a confirmar<br>Teléfono: 4560 7583<br>Dirección: Dr. Vivo,  próx. Comisaría 8va y Escuela Nº11";;;;;-1;0;-1;;
"POINT (-56.1726664 -34.674283)";CRAMI Canelón chico - ;Días y horarios: 2° y 4º Jueves a partir de las 10:00 Hrs. <br>Dirección: Ruta 67 y Ruta 32;;;;;-1;0;-1;;
"POINT (-55.7609602 -34.7432286)";BE113  Policlínica ASSE Estación Atlántida ;"Días y horarios: se coordina según necesidad del servicio, de 09:00 a 12:00 hrs.<br>Teléfono: 4372 6689<br>Dirección: Cont. Parque del Plata  Los Lirios";;;;;-1;0;-1;;
"POINT (-55.6850792 -34.7358128)";"BE116 ASSE	Policlínica Estación Floresta";"Se coordina según necesidad del servicio, de 09:00 a 12:00 hrs. <br>Teléfono:4373 7253<br>Dirección: Ruta 35		Colon y Soriano";;;;;-1;0;-1;;
"POINT (-56.0970408 -34.8715483)";"JB128 ASSE	Policlínica CRUZ DE CARRASCO";"Días y horarios: Lun a Vie de 09:15 a 14:00 hrs.<br>Dirección: Juan Agazzi	2735	Camino Carrasco y Antonio Pereyra";;;;;-1;0;-1;;
"POINT (-55.6162526 -32.883877)";EB111 - ASSE Hospital Durazno Blanquillo;"Días y horarios: Martes y Jueves de 14.00 a 16.00 hrs,<br>Dirección: Dr. Alejandro Saráchaga, esq. Alejandro sarachaga";;;;;-1;0;-1;;
"POINT (-56.1578814 -34.8872479)";JF116 - IAMC - GREMCA ;"Días y horarios: Mar. y Jue. de 08:15 a 15:45 Hrs.<br>Dirección: Avda. 8 de Octubre 2804, Seco Illa y Jaime Cibils ";;;;;-1;0;-1;;
"POINT (-56.2211892 -34.8310907)";"JF232 - IAMC - Universal Sayago
";Días y horarios: Lunes y Miércoles de 14:30 a 18:30 Hrs. Viernes de 8:30 a 12.00 y de 14:30 a 18:00 Hrs. <br>Dirección: Av. Gral. Eugenio Garzón 999;;;;;-1;0;-1;;
"POINT (-54.4915175 -34.0923292)";IA114 - ASSE - Centro comunal Los Talas ;"Días y horarios: 1º Lunes de los meses pares. De 08:30 a 12:30 hrs.<br>Dirección: Valdivia esq. Ruta 13 km 199,5<br>Teléfono: 42670423 ";;;;;-1;0;-1;;
"POINT (-54.5454375 -34.5936875)";IB112 - ASSE - Centro Comunal Pueblo Garzon;"Días y horarios: 1º Jueves de los meses pares. De 8:30 a 12:30 hrs.<br>Dirección: Los Cerrillos, La cantera<br> Teléfono: 42670423";;;;;-1;0;-1;;
"POINT (-55.3234161 -34.7912291)";IC113 - ASSE - Centro comunal Estación Flores ;"Días y horarios: Matutino, a coordinar<br>Dirección: Ruta 9 vieja y Ruta 71<br>Teléfono: 42670423";;;;;-1;0;-1;;
"POINT (-55.2586405 -34.7191427)";IC114 - ASSE - Centro Comunal Nueva Carrara;"Días y horarios: Matutino, a coordinar. <br>Dirección: Camino Charles Darwin <br>Teléfono: 42670423";;;;;-1;0;-1;;
"POINT (-55.3672152 -34.7649516)";IE112 - ASSE - Centro Comunal Cerros Azules ;"Días y horarios: Matutino, a coordinar. <br>Dirección: Ruta 9, Tala y Laurel<br>Teléfono: 42670423";;;;;-1;0;-1;;
"POINT (-55.0563125 -34.6303125)";II132 - ASSE  - Centro Comunal Pueblo Edén;"Días y horarios: Matutino, a coordinar. <br>Dirección: Ruta 12 km 13, Los Cardenales esq La Calandria <br>Teléfono: 42670423";;;;;-1;0;-1;;
"POINT (-55.4371094 -34.7130875)";IE113 - ASSE - Centro Comunal Solís Grande;"Días y horarios: Matutino, a coordinar. <br>Dirección: Ruta 20 km 9 <br>Teléfono: 42670423";;;;;-1;0;-1;;
"POINT (-56.1165847 -34.8718633)";JB132 -  ASSE - Policlínica Yanicelli;Días y horarios: Lunes a Viernes de 08:30 a 13:30 hrs. <br>Dirección: Cno. Carrasco 4680;;;;;-1;0;-1;;
"POINT (-55.2562389 -34.7667153)";IC115 - Centro comunal pueblo Girona;Días y horarios: 2º Miercoles de los meses pares en el horario 08:30 a 12:30 Hrs.<br>Dirección: Aries s/n Del lucero<br> Teléfono: 42670423;;;;;-1;0;-1;;
"POINT (-55.4005112 -34.7489875)";IE111- Policlínica ASSE - LAS SIERRAS;"Días y horarios: Mié. de 11:00 a 13:00 Hrs.<br>Dirección: Avda. Artigas s/c, Wilson Ferreira Aldunate (Calle 4) y Ricardo Varonio<br>Teléfono: 4439 0089 ";;;;;-1;0;-1;;
"POINT (-56.440433 -34.7390643)";PE111 - SUB C.P. CIUDAD DEL PLATA  Polcínica Juana Martinez ASSE;"Días y horarios: L y J de 08:15 a 12:15 hrs.<br>Dirección: Ruta1 vieja 31,800 esq. Calle 3";;;;;-1;0;-1;;
"POINT (-56.1330046 -34.8607556)";JF160 - Sociedad Médica Universal | Policlinico Maroñas;"Días y horarios: Lunes y Miércoles de 8:30 a 12:00, Martes y Jueves de 14:30 a 18:00.<br>Dirección: Dr Capdehourat 2804,  entre Mateo Cortez y Av 8 de Octubre";;;;;-1;0;-1;;
"POINT (-57.8140209 -31.3827063)";"OO119	SALTO Policlínica ASSE Bº Albisu";"Días y horarios: Lun a Vie de 08:00 a 12:00 hrs.<br>Dirección: Policlínica ASSE Bº Albisu	Ruta 31 km12 	s/n	Calle 1 y Calle 2";;;;;-1;0;-1;;
"POINT (-56.1400681 -34.8230565)";JF233 - Asociación Española Piedras blancas;"Días y horarios: Jue. de 8:00 a 11:30 Hrs.<br>Dirección: José Belloni 4390, esq. Matilde Pacheco";;;;;-1;0;-1;;
"POINT (-55.9845901 -31.720287)";RR117 - ASSE - Hospital Tacuarembó;"Días y horarios: Lun. a Vie. de 13:00 a 18:00 Hrs.<br>Dirección: Lorenzo Carnelli, entre J.P Varela y Treinta y Tres Orientales";;;;;-1;0;-1;;
"POINT (-55.7627656 -34.7669625)";"BE181 - MUCAM Atlántida
";Días y horarios: Mar. y Vie. de 10:15 a 13:15 Hrs. / Lun. y Mié. de 13:15 a 16:15  Hrs. Sabados (COVID-19 + Cronograma) de 12:15 a 15:15.<br>Dirección: Ruta Interbalnearia km 46 entre Ruta 11 y Ruta 7;;;;;-1;0;-1;;
"POINT (-55.9571406 -34.2917625)";BF112 - Policlínica ASSE San Ramon ;"Días y horarios: Lun. a Vie. de 06:00 a 12:00 Hrs. <br>Dirección: Avda.Batlle y Ordoñez, 18 de Julio";;;;;-1;0;-1;;
"POINT (-58.0811884 -32.3325343)";KK113-04 - Municipales II COOP. VIV - ASSE;Día: Viernes <br>Horario: 09:00 - 12:00 hrs. <br>Dirección:  Benito Chain s/n esq independencia;;;;;-1;0;-1;;
"POINT (-58.0754116 -32.3340153)";KK113-06 - Santa Monica - ASSE;Días: Lunes <br>Horarios: 07:30 - 10:00 <br>Dirección: Benito Chain 1570 Dr. Felippone y Br. Artigas;;;;;-1;0;-1;;
"POINT (-56.1118021 -34.8804518)";JE121 - Policlínica INVE 16;"Días y horarios: Jueves de 10:00 a 11:45, Mier. y Jue. de 12:00 a 14:45<br>Dirección: Hipólito Irigoyen 2069 entre Igua y Ciudad de Azul";;;;;-1;0;-1;;
"POINT (-57.942506 -31.3861955)";JF224 - CAUTE ANTEL;"Días y horarios: L, Mi y V de  08:00 - 11:00<br>Dirección: Agraciada 2437 esq Gral Fraga";;;;;-1;0;-1;;
"POINT (-54.1549001 -34.6647174)";NF113 - Policlínico COMERO - La paloma ;Días y horarios: Viernes de 15:00 a 18:00 <br>Dirección: Av. Nicolás Solari s/n esq avda.sirio;;;;;-1;0;-1;;
"POINT (-56.5153667 -33.3884131)";EE113 - ASSE-ASSE Hospital Penza ;Días y horarios: Lunes a Viernes de 13:30 - 17:30<br>Dirección: Francisco Maciel S/N Esq. Prof.Miguel C. Rubino;;;;;-1;0;-1;;
"POINT (-56.5161767 -33.3884892)";EB111 - ASSE Hospital Durazno Blanquillo;"Días y horarios: Lun a Vie de 14:00  a 16:00 hrs.<br>Dirección: Dr. Alejandro Saráchaga, esq. Alejandro sarachaga";;;;;-1;0;-1;;
"POINT (-53.4546289 -33.6937535)";NC113 - Medica Uruguaya Chuy ;Días y horarios: Mar. de 11:30 a 12:30 y jueves de 18:00 a 19:30<br>Teléfono:  4474 3714<br>Dirección: B. Ventura 520;;;;;-1;0;-1;;
"POINT (-57.5971241 -30.2590164)";AB113 - IAMC-Gremeda Bella Unión;Dias y horarios: de Lunes a Viernes de 13 a 17:00;;;;;-1;0;-1;;
"POINT (-57.8299702 -34.4579164)";DM111 - Móvil IMC - DDS- CHLAEP;Días y horarios de atención: Matutino a coordinar.<br>Dirección: Avda Batlle y Ordoñez esquina Dr Bassahún<br>Telefono: 4 529 88 57;;;;;-1;0;-1;;
"POINT (-57.232978 -34.287159)";DG113 CAMEC NUEVA HELVECIA ;"Días y horarios: Lun de 08:30 a 11:30 hrs., Juev y Viernes de 13:30 a 16:30 hrs.<br>Dirección: Colón 1085";;;;;-1;0;-1;;
"POINT (-54.9565695 -34.9160851)";II113 - AMDM- CRAME Policlinico Central ;"Días y horarios: Días y horarios: Lun. a Vier. de 15:00 a 19:00 h. y Lun., Mier. y Juev. de 11:00 a 13:00 h. <br>Dirección:<br>San José s/n Esq. Acuña de Figueroa";;;;;-1;0;-1;;
"POINT (-56.1396309 -34.8180906)";JF 147 UPECA Piedras Blancas - CASMU;Nombre: JF 147 UPECA Piedras Blancas - CASMU<br>Días y horarios de atención: Viernes de 14 a 17:30 Hrs. <br>Dirección: Av. José Belloni 4611;;;;;-1;0;-1;;
"POINT (-54.8631985 -34.9134012)";II133 - Asistencial La Barra;"Dias y horarios: 1º, 3º,4º y 5º Lunes al mes, de 10:00 a 17:30 Hrs.<br>Dirección: Calle Los Destinos, entre ruta 10 y Sargo";;;;;-1;0;-1;;
"POINT (-53.856531 -34.19851)";"NA112	COMERO CASTILLOS";Días y horarios: <br>Ma y Jue de 10:00 a 12:00<br>Dirección: Formoso 1234 y 19 de Abril y Dr. Ferrer;;;;;-1;0;-1;;
