ID,Título,CIE 9,Información,Normativa,Normativa URL,SNOMED
1,Modalidades de atención médica,,Se entiende por modalidad de atención la organización de los recursos destinados a la atención de los pacientes de acuerdo a sus necesidades asistenciales.,,,
1.a,Atención en internación,,"Es la modalidad de atención destinada a los individuos que por las características de su proceso patológico requieren cuidados médicos y de enfermería permanentes.
 
 La atención en internación puede realizarse en el propio domicilio del paciente o en el ámbito institucional.
 
 Internación institucional: es la modalidad de internación en la que los cuidados asistenciales permanentes se desarrollan en sanatorio institucional/hospital, propio o contratado.
 
 En esta última modalidad se consideran distintos niveles de cuidado según el tipo de paciente y sus necesidades en atención médica, y las características de la oferta de servicios.",,,
1.a.1,Cuidados Básicos,,"Sector destinado a la atención de pacientes crónicos o en etapa preclínica o de convalescencia, en período evolutivo NO crítico, con escasa dependencia y autosuficiente, y/o con estabilidad de parámetros fisiológicos y compromiso mínimo de uno o más sistemas, y en situación de bajo riesgo de complicaciones. Se incluye en este nivel de cuidados aquellos pacientes crónicos que requieren cuidados permanentes mínimos en los que las alternativas terapéuticas son de carácter meramente paliativo. Sólo se considerará como cuidados básicos aquellos sectores de internación específicamente diseñados y destinados a tal fin, tales como sector destinado a adultos Mayores de alto riesgo, o pacientes geriátricos, o sectores destinados específicamente a cuidados paliativos, a los que se les haya asignado un número de camas de dotación predefinido.",,,
1.a.2,Cuidados moderados (en habitación semi-privada),,"Sector destinado a pacientes en etapa aguda, en período no crítico, con escasa dependencia y estabilidad de parámetros, con compromiso moderado de uno o más sistemas y en situación de riesgo de complicaciones. Sólo se considerarán los sectores destinados a la internación de este tipo de pacientes, y a los que se les haya asignado un número específico de camas de internación. Se trata del sector de internación convencional.",,,
1.a.3,Cuidados especiales: intermedios e intensivos (aislamiento),,,,,
1.a.3.1,Cuidados Intermedios,,"Sector destinado a pacientes en etapa aguda, en período no crítico, con dependencia marcada, estabilidad de parámetros sin compromiso severo de uno o más sistemas, con riesgo moderado de complicaciones pero sin riesgo de muerte inminente.",,,
1.a.3.2,Cuidados Intensivos,,"Sector destinado a pacientes en etapa aguda, período crítico, muy dependientes, con inestabilidad de parámetros fisiológicos y compromiso severo de uno o más sistemas, con alto riego de complicaciones y riesgo de muerte.
 Se considerarán globalmente los sectores de cuidados intermedios e intensivos, los cuales deben corresponder a sectores de internación específicamente destinados a estos fines con un número determinado de camas asignadas.",,,
1.a.4,Internación Psiquiátrica,,"Internación Psiquiátrica con un máximo de 30 días por año calendario, excepto convenios en contrario suscritos por el FONASA y los prestadores integrales.",,,
1.a.5,Internación Domiciliaria (opcional),,"Es la modalidad de internación en la que los cuidados asistenciales permanentes se instrumentan en el domicilio del paciente, dentro del marco de un programa específico definido por la institución de acuerdo a la normativa del MSP.",,,
1.b,Atención Ambulatoria,,"Es la modalidad de actuación realizada por uno o más del equipo de salud a pacientes en régimen de no internación, ya sea en el ámbito institucional o en domicilio.",,,
1.b.1,Coordinada en Consultorio,,,,,
1.b.1.1,Consultas en Consulta Externa (Policlínica),,"Es aquella consulta médica que se desarrolla en policlínicas, centros de salud, policlínicas Integrales y policlínicas de los sanatorios y hospitales.
 
 Se entiende por Consulta Ambulatoria Coordinada la atención médica y de otros profesionales, no urgente, que se brinda mediante horas fijas de consulta programada, o a requerimiento en el caso de médico especialista referente o consultante. Este tipo de atención podrá ser brindada en consultorios institucionales o en consultorios propios del profesional o grupo de profesionales.
 
 Los plazos máximos de espera en esta modalidad de atención son los siguientes:
 
 - 24 horas para las consultas de Medicina General, Pediatría y Ginecotocología.
 - 48 horas para las consultas de Cirugía General.
 - Un mes para el resto de las especialidades médicas y quirúrgicas.",,,
1.b.2,"Coordinada en Domicilio, salvo en zonas rurales",,Consultas en domicilio no urgentes (de radio): es aquella consulta coordinada no urgente que se realiza a través de médicos generales de adultos o por pediatras en el domicilio de los pacientes.,,,
1.b.3,Urgencia y Emergencia Institucional o Centralizada,,Consulta en urgencia centralizada: es aquella que se realiza en el servicio de Urgencia o Emergencia de la Institución.,,,
1.b.4,"Urgencia a domicilio, salvo en zonas rurales.",,Consulta de urgencia en domicilio: es aquella que realizan los médicos de guardia (interna o a retén) para la atención de llamados domiciliarios de urgencia con móvil propio o institucional.,,,
1.b.5,Asistencia en situaciones de urgencia y emergencia en todo el territorio nacional,,"Se establece y reconoce el derecho a la asistencia en situaciones de urgencia y emergencia en todo el territorio nacional, a todos los habitantes residentes, la que deberá ser brindada por todos los prestadores integrales públicos o privados, integrados o no al Seguro Nacional de Salud (Ley 19.535.Arts. 145-149).",Ley 19.535 (art.145-149),http://www.impo.com.uy/bases/leyes/19535-2017,
1.b.6,Cirugía ambulatoria,,Procedimientos quirúrgicos menores ambulatorios: se entiende por tales todos aquellos procedimientos cuya realización no requiere internación ni uso de block quirúrgico.,,,
1.c,Cuidados paliativos,,"Podrán ser brindados en internación sanatorial, en internación domiciliaria o en atención ambulatoria en domicilio.",,,
1.d,Prestaciones vinculadas a la atención de pacientes con consumo problemático de drogas,,"Comprende:
 - Apoyo y Orientación Telefónica o presencial, accesible las 24 horas del día.
 - Servicio de atención ambulatoria específico, integrado por un equipo multidisciplinario, que funcione no menos de tres veces por semana, para la atención individual y/o grupal y/o familiar.
 - Servicio de internación para la atención de la intoxicación severa con drogas independiente de la internación psiquiátrica.",,,
1.e,Prestaciones y servicios incluidos a traves de Leyes y Decretos específicos,,,,,
1.e.1,Control del Tabaquismo,,"Los servicios de salud públicos y privados incorporarán el diagnóstico y el tratamiento de la dependencia del tabaco en sus programas, planes y estrategias nacionales de atención primaria de la salud, promoviendo los tratamientos de rehabilitación y dependencia.",Ley 18.256 (art. 10),http://www.impo.com.uy/bases/leyes/18256-2008,
1.e.2,Reproducción humana asistida,,"La Ley Nº 19.167 y el decreto 84/015 establecen la inclusión de las técnicas de reproducción humana asistida dentro de las prestaciones del Sistema Nacional Integrado de Salud con el alcance que establece la norma. Comprende los procedimientos de reproducción asistida de alta y de baja complejidd.
 
 De esta forma se definen que las técnicas o procedimientos de baja complejidad como aquellos procedimientos en función de los cuales la unión entre el óvulo y espermatozoide se realiza dentro del aparato genital femenino.
 
 - Dichas técnicas o procedimientos quedan comprendidos dentro de los programas integrales de asistencia que deben brindar las entidades públicas y privadas que integran el Sistema Nacional Integrado de Salud y serán financiados por este, cuando la mujer no sea mayor de 40 años.
 
 Las técnicas o procedimientos de alta complejidad son aquellas en virtud de las cuales la unión entre óvulo y espermatozoide tiene lugar fuera del aparato genital femenino, transfiriéndose a este los embriones resultantes, sean estos criopreservados o no.
 
 - Dichas técnicas o procedimientos serán parcial o totalmente subsidiados hasta un máximo de tres intentos, a través del Fondo Nacional de Recursos con el alcance y condiciones que establecerá la reglamentación a dictarse por el Poder Ejecutivo.
 
 Las prestaciones a brindarse incluyen los estudios necesarios para el diagnóstico de la infertilidad así como el tratamiento, material de uso médico descartable y otros estudios que se requieran, el asesoramiento y la realización de los procedimientos terapéuticos de reproducción humana asistida de alta y baja complejidad, las posibles complicaciones que se presenten y la medicación correspondiente en todos los casos.
 
 Según el decreto 84/015 los estudios necesarios para el diagnóstico de la infertilidad son los establecidos en el Capítulo 3.n. (Procedimientos de diagnóstico / Procedimientos de Salud Sexual y Reproductiva. Estudios diagnósticos de las disfunciones sexuales y de esterilidad/ infertilidad).
 
 Los prestadores integrales de salud deberán asegurar la continuidad asistencial en todos los casos, tanto cuando el procedimiento resulte exitoso, como cuando en su transcurso o a posteriori surjan complicaciones.","Ley 19.167, Decreto 84/015",http://www.impo.com.uy/bases/leyes/19167-2013,
1.e.3,Salud mental,,"Comprende las prestaciones que se detallan en el Anexo que forma parte del “Plan de Implementación de Prestaciones en Salud Mental en el Sistema Nacional Integrado de Salud”, aprobado por el Ministerio de Salud Pública, de acuerdo al Decreto 305/011.
 Se distinguen tres MODOS de abordaje. Modo 1, Modo 2 y Modo 3.
 
 Los prestadores integrales deberán asegurar en adultos:
 
 - En el MODO 1 la atención en grupo con carácter gratuito y hasta 16 sesiones anuales para cada usuario.
 - En el MODO 2 asegurarán la atención individual, de pareja, familia o grupal, hasta 48 sesiones anuales para cada usuario y con un copago preestablecido.
 - En el MODO 3 asegurarán la atención individual y/o grupal, hasta 48 sesiones anuales para cada usuario, con un copago menor al establecido en el modo 2. La prestación podrá renovarse hasta 144 sesiones.
 
 Los prestadores integrales deberán asegurar en niños y adolescentes:
 
 - En el MODO 1 los prestadores integrales asegurarán la atención en grupo con carácter gratuito y hasta 12 sesiones anuales para cada usuario.
 - En el MODO 2 asegurarán la atención individual, grupal o de familia, hasta 24 sesiones anuales para cada usuario y con un copago preestablecido.
 - En el MODO 3 asegurarán la atención individual y/o grupal, hasta 48 sesiones anuales para cada usuario, con un copago menor al establecido en el nivel 2. En situaciones de discapacidad física, mental o trastorno del espectro autista, la prestación podrá extenderse a 144 sesiones.
 
 Los detalles sobre las poblaciones objetivos que comprende cada modalidad se detallan en la sección dedicada a la normativa.",Decreto 305/011,http://www.impo.com.uy/bases/decretos/305-2011,
1.e.4,Servicios de Salud Sexual y Reproductiva,,"De acuerdo a la Ley Nº 18.426 y su decreto reglamentario Decreto Nº 293/010, los prestadores del Sistema nacional integrado de salud deberán contar con servicios de salud sexual y reproductiva en general y de anticoncepción reversibles e irreversibles que se organizaràn según lo establece el decreto.
 
 - Colocación de Dispositivo Intrauterino (Decreto N° 292/012)
 - Ligadura Tubaria por via laparoscópica
 - Vasectomía","Ley 18.426, Decreto 293/010",http://www.impo.com.uy/bases/leyes/18426-2008,
1.e.5,Interrupción voluntaria del embarazo,,Todas las instituciones del Sistema Nacional Integrado de Salud tendrán la obligación de cumplir con los servicios y procedimientos establecidos en la Ley 18.987 sobre Interrupción voluntaria del embarazo y su Decreto reglamentario Nº 375/012.,"Ley 18.987, Decreto 375/012",http://www.impo.com.uy/bases/leyes/18987-2012,
1.e.6,"Detección obligatoria de hipotiroidismo congénito, fenilcetonuria, hiperplasia suprarrenal congénita, fibrosis quística, acil.coa dehidrogenasa de cadena media",,"De acuerdo al Decreto N° 325/013 las Instituciones de Asistencia en Salud, públicas o privadas de todo el país donde se producen nacimientos, deberán: I) realizar la extracción y envío de las Muestras al Laboratorio de Pesquisa Neonatal del Banco de Previsión Social para evitar demoras en el inicio de tratamiento de los recién nacidos que así lo requieran; y II) notificar los casos confirmados al Registro Nacional de Defectos Congénitos y Enfermedades Raras (RNDCER).",Decreto 325/013,http://www.impo.com.uy/bases/decretos/325-2013,
1.e.7,Derecho a la asistencia en situaciones de urgencia y emergencia en todo el territorio nacional,,"De acuerdo a la Ley N° 19535 Rendición de cuentas y balance de ejecucion presupuestal ejercicio 2016 se establece y reconoce el derecho a la asistencia en situaciones de urgencia y emergencia en todo el territorio nacional, a todos los habitantes residentes, la que deberá ser brindada por todos los prestadores integrales públicos o privados, integrados o no al Seguro Nacional de Salud.",Ley 19.535,http://www.impo.com.uy/bases/leyes/19535-2017,
2,"Especialidades médicas, otros profesionales y técnicos para el control y la recuperación",,,,,
2.a,Especialidades médicas,,,,,
2.a.1,Asistencia Ambulatoria Convencional y Asistencia Hospitalaria en las siguientes especialidades básicas,,,,,
2.a.1.1,Medicina General y/o Medicina Familiar.,,,,,
2.a.1.2,Cirugía General.,,,,,
2.a.1.3,Ginecotocología.,,,,,
2.a.1.4,Pediatría.,,,,,
2.a.2,Asistencia Ambulatoria Convencional y Asistencia Hospitalaria en las siguientes especialidades y/o prestaciones médicas complementarias,,"Se incluirán las nuevas especialidades registradas, según listado a proporcionar por el MSP.",,,
2.a.2.1,Alergología.,,,,,
2.a.2.2,Cardiología,,,,,
2.a.2.3,Dermatología,,,,,
2.a.2.4,Diabetología,,,,,
2.a.2.5,Endocrinología,,,,,
2.a.2.6,Fisiatría,,,,,
2.a.2.7,Gastroenterología,,,,,
2.a.2.8,Geriatría – Gerontología,,,,,
2.a.2.9,Hematología,,,,,
2.a.2.10,Infectología,,,,,
2.a.2.11,Medicina Intensiva de Adultos (solamente hospitalaria),,,,,
2.a.2.12,Medicina Interna,,,,,
2.a.2.13,Medicina Transfusional,,,,,
2.a.2.14,Nefrología,,,,,
2.a.2.15,Neumología,,,,,
2.a.2.16,Neurología,,,,,
2.a.2.17,Oncología,,,,,
2.a.2.18,Psiquiatría,,,,,
2.a.2.19,Reumatología,,,,,
2.a.2.20,Terapia del Dolor,,,,,
2.a.3,Asistencia Ambulatoria Convencional y Asistencia Hospitalaria en las siguientes especialidades quirúrgicas complementarias,,,,,
2.a.3.1,Anatomía Patológica,,,,,
2.a.3.2,Anestesiología.,,,,,
2.a.3.3,Cirugía Bucomaxilofacial.,,,,,
2.a.3.4,Cirugía Plástica Reparadora.,,,,,
2.a.3.5,Cirugía Toráxica.,,,,,
2.a.3.6,Cirugía Vascular.,,,,,
2.a.3.7,Neurocirugía.,,,,,
2.a.3.8,Oftalmología.,,,,,
2.a.3.9,Otorrinolaringología.,,,,,
2.a.3.10,Traumatología.,,,,,
2.a.3.11,Urología.,,,,,
2.a.4,Asistencia Ambulatoria Convencional y Asistencia Hospitalaria en las siguientes especialidades y/o prestaciones pediátricas complementarias,,,,,
2.a.4.1,Cardiología,,,,,
2.a.4.2,Cirugía,,,,,
2.a.4.3,Endocrinología,,,,,
2.a.4.4,Gastroenterología,,,,,
2.a.4.5,Hemato-Oncología,,,,,
2.a.4.6,Medicina Intensiva Neonatal y Pediátrica (solamente hospitalaria),,,,,
2.a.4.7,Nefrología,,,,,
2.a.4.8,Neonatología (solamente hospitalaria),,,,,
2.a.4.9,Neumología,,,,,
2.a.4.10,Neurología,,,,,
2.a.4.11,Psiquiatría,,,,,
2.a.4.12,,,,,,
2.a.5,Asistencia Domiciliaria Convencional en las especialidades de:,,,,,
2.a.5.1,Medicina General.,,,,,
2.a.5.2,Pediatría.,,,,,
2.a.6,Asistencia de Emergencia y Urgencia Institucional en las cuatro especialidades básicas:,,,,,
2.a.6.1,Medicina General.,,"Se debe asegurar el acceso inmediato a estas especialidades, ya sea mediante guardia interna o concurrencia inmediata a requerimiento, de acuerdo a las características de la Institución y a la reglamentación vigente.",,,
2.a.6.2,Pediatría.,,"Se debe asegurar el acceso inmediato a estas especialidades, ya sea mediante guardia interna o concurrencia inmediata a requerimiento, de acuerdo a las características de la Institución y a la reglamentación vigente.",,,
2.a.6.3,Cirugía,,"Se debe asegurar el acceso inmediato a estas especialidades, ya sea mediante guardia interna o concurrencia inmediata a requerimiento, de acuerdo a las características de la Institución y a la reglamentación vigente.",,,
2.a.6.4,Ginecotocología,,"Se debe asegurar el acceso inmediato a estas especialidades, ya sea mediante guardia interna o concurrencia inmediata a requerimiento, de acuerdo a las características de la Institución y a la reglamentación vigente.",,,
2.a.6.5,Anestesiología,,Según corresponda.,,,
2.a.6.6,Cardiología,,Según corresponda.,,,
2.a.6.7,Cirugía de niños,,Según corresponda.,,,
2.a.6.8,Cirugía de tórax,,Según corresponda.,,,
2.a.6.9,Cirugía plástica,,Según corresponda.,,,
2.a.6.10,Cirugía vascular,,Según corresponda.,,,
2.a.6.11,Hematología,,Según corresponda.,,,
2.a.6.12,Medicina interna,,Según corresponda.,,,
2.a.6.13,Medicina transfusional,,Según corresponda.,,,
2.a.6.14,Nefrología,,Según corresponda.,,,
2.a.6.15,Neurocirugía,,Según corresponda.,,,
2.a.6.16,Neurología,,Según corresponda.,,,
2.a.6.17,Oftalmología,,Según corresponda.,,,
2.a.6.18,Otorrinolaringología,,Según corresponda.,,,
2.a.6.19,Psiquiatría,,Según corresponda.,,,
2.a.6.20,Traumatología,,Según corresponda.,,,
2.a.6.21,Urología,,Según corresponda.,,,
2.a.6.22,Odontología,,Según corresponda.,,,
2.a.6.23,Electrodiagnóstico,,Según corresponda.,,,
2.a.6.24,Imagenología,,Según corresponda.,,,
2.a.6.25,Endoscopía,,Según corresponda.,,,
2.a.6.26,Laboratorio,,Según corresponda.,,,
2.a.6.27,Técnico en yeso,,Según corresponda.,,,
2.a.7,Asistencia de Urgencia Domiciliaria en las especialidades de:,,,,,
2.a.7.1,Medicina General,,,,,
2.a.7.2,Pediatría,,,,,
2.a.8,Asistencia de Emergencia Domiciliaria para toda la población,,Aplicable a partir de que se reglamenten los elementos del art.46 de la Ley 18.211,Ley 18.211,http://www.impo.com.uy/bases/leyes/18211-2007,
2.b,Asistencia de otros profesionales y/o técnicos,,,,,
2.b.1,Administración de medicamentos por diferentes vías,,,,,
2.b.2,"Colocación de circuitos y vías, sonda vesical y nasogástrica",,,,,
2.b.3,Curaciones y vendajes e inmovilizaciones,,,,,
2.b.4,Oxigenoterapia,,,,,
2.b.5,Inhaloterapia,,,,,
2.b.6,Aspiración de secreciones,,,,,
2.b.7,Podología para diabéticos,,,,,
2.b.8,Nutricionista,,,,,
2.b.9,Fisioterapeuta,,,,,
2.b.10,Fonoaudiólogo,,,,,
2.b.11,Psicomotricista,,,,,
2.b.12,Psicólogo (consulta con fines diagnósticos),,,,,
2.b.13,Hemoterapia,,,,,
2.b.14,Imagenología,,,,,
2.b.15,Laboratorio,,,,,
2.b.16,Químico Farmacéutico,,,,,
2.b.17,Registros Médicos,,,,,
3,Procedimientos diagnósticos,,,,,
3.a,Procedimientos quirúrgicos diagnósticos,,,,,
3.a.1,Procedimientos en el Sistema Nervioso,,,,,
3.a.1.1,"Procedimientos diagnósticos sobre cráneo, cerebro y meninges cerebrales",1.1,,,,
3.a.1.1.1,"Biopsia de meninges cerebrales, abierta",1.12,,,,
3.a.1.1.2,Biopsia percutánea [aguja] de cerebro,1.13,,,,
3.a.1.1.3,"Biopsia de cerebro, abierta",1.14,,,,
3.a.1.1.4,Biopsia de cráneo,1.15,,,,
3.a.1.1.5,Otros procedimientos diagnósticos sobre el cráneo,1.19,,,,
3.a.1.1.5.1,Colocación de sensor de Presión Intracraneana (PIC),8,,,,
3.a.1.2,Procedimientos diagnósticos sobre la médula espinal y estructuras del conducto espinal,3.3,,,,
3.a.1.2.1,Punción espinal,3.31,,,,
3.a.1.3,Procedimientos diagnósticos sobre el sistema nervioso periférico,4.1,,,,
3.a.1.4,Procedimientos diagnósticos sobre nervios o ganglios simpáticos,5.1,,,,
3.a.2,Procedimientos en el Sistema Endócrimo,,,,,
3.a.2.1,Procedimientos diagnósticos sobre glándulas paratiroides y tiroides,6.1,,,,
3.a.2.1.1,Biopsia percutánea [aguja] de glándula tiroides,6.11,,,,
3.a.2.1.1.1,Biopsia por aspiración de tiroides,,,,,
3.a.2.1.2,Biopsia de glándula paratiroides,6.13,,,,
3.a.3,Procedimientos oftalmológicos,,,,,
3.a.3.1,Procedimientos diagnósticos sobre párpado,8.1,,,,
3.a.3.1.1,Biopsia de párpado,8.11,,,,
3.a.3.2,Procedimientos diagnósticos sobre aparato lagrimal,9.1,,,,
3.a.3.2.1,Biopsia de glándula lagrimal,9.11,,,,
3.a.3.2.2,Biopsia de saco lagrimal,9.12,,,,
3.a.3.3,Procedimientos diagnósticos sobre conjuntiva,10.2,,,,
3.a.3.3.1,Biopsia de conjuntiva,10.21,,,,
3.a.3.4,Procedimientos diagnósticos sobre córnea,11.2,,,,
3.a.3.4.1,Raspado de córnea para frotis o cultivo,11.21,,,,
3.a.3.4.2,Biopsia de córnea,11.22,,,,
3.a.3.5,"Procedimientos diagnósticos sobre iris, cuerpo ciliar, esclerótica, y cámara anterior del ojo",12.2,,,,
3.a.3.5.1,Aspiración diagnóstica de la cámara anterior del ojo,12.21,,,,
3.a.3.5.2,Biopsia de iris,12.22,,,,
3.a.3.6,"Procedimientos diagnósticos sobre retina, coroides, cuerpo vítreo, y la cámara posterior del ojo",14.1,,,,
3.a.3.6.1,Aspiración diagnóstica de cuerpo vítreo,14.11,,,,
3.a.3.7,Procedimientos diagnósticos sobre músculos o tendones extraoculares,15,,,,
3.a.3.7.1,Biopsia de músculo o tendón extraocular,15.01,,,,
3.a.3.8,Procedimientos diagnósticos sobre órbita y globo ocular,16.2,,,,
3.a.3.8.1,Oftalmoscopia,16.21,,,,
3.a.3.8.2,Aspiración diagnóstica de órbita,16.22,,,,
3.a.3.8.3,Biopsia de globo ocular y órbita,16.23,,,,
3.a.3.8.4,Otros procedimientos diagnósticos sobre órbita y globo ocular,16.29,,,,
3.a.3.8.4.1,Exploración quirúrgica con o sin biopsia,124,,,,
3.a.3.8.4.2,Fondo de Ojo,132,,,,
3.a.3.8.4.3,Toma de Tensión ocular,133,,,,
3.a.3.8.4.4,Medida del diámetro corneano,134,,,,
3.a.3.8.4.5,Ecografía ocular,135,,,,
3.a.3.8.4.6,Gonioscopía,136,,,,
3.a.3.8.4.7,Fotografías,137,,,,
3.a.4,Procedimientos en el oído,,,,,
3.a.4.1,Procedimientos diagnósticos sobre el oído externo,18.1,,,,
3.a.4.1.1,Otoscopia,18.11,,,,
3.a.4.1.2,Biopsia de oído externo,18.12,,,,
3.a.4.1.3,Otros procedimientos diagnósticos sobre oído externo,18.19,,,,
3.a.4.1.3.1,Aspiración bajo microscopio de OE (diagnóstica),2,,,,
3.a.4.2,Procedimientos diagnósticos sobre el oído medio y el oído interno,20.3,,,,
3.a.4.2.1,Electrococleografía,20.31,,,,
3.a.4.2.2,Biopsia de oído medio e interno,20.32,,,,
3.a.5,"Procedimientos en la nariz, boca y faringe",,,,,
3.a.5.1,Procedimientos diagnósticos sobre la región nasal,21.2,,,,
3.a.5.1.1,Rinoscopía,21.21,,,,
3.a.5.1.2,Biopsia de nariz,21.22,,,,
3.a.5.1.3,Otros procedimientos diagnósticos sobre la región nasal,21.29,,,,
3.a.5.1.3.1,Microscopía diagnóstica,11,,,,
3.a.5.2,Procedimientos diagnósticos sobre seno nasal,22.1,,,,
3.a.5.2.1,Biopsia de seno nasal cerrada [endoscópica] [punción con aguja],22.11,,,,
3.a.5.2.2,Biopsia de seno nasal abierta,22.12,,,,
3.a.5.2.3,Otros procedimientos diagnósticos sobre senos nasales (maxilares),22.19,,,,
3.a.5.2.3.1,Sinusoscopía,51,,,,
3.a.5.3,"Procedimientos diagnósticos sobre dientes, encías y alvéolos",24.1,,,,
3.a.5.3.1,Biopsia de encía,24.11,,,,
3.a.5.3.2,Biopsia de alvéolo,24.12,,,,
3.a.5.4,Procedimientos diagnósticos sobre la lengua,25,,,,
3.a.5.4.1,Biopsia cerrada de lengua (punción-aspiración con aguja fina) [PAAF],25.01,,,,
3.a.5.4.2,Biopsia abierta de la lengua,25.02,,,,
3.a.5.4.2.1,Biopsia en cuña,,,,,
3.a.5.5,Procedimientos diagnósticos sobre glándulas y conductos salivales,26.1,,,,
3.a.5.5.1,Biopsia cerrada (punción-aspiración con aguja fina) [PAAF] de glándula o conducto salival,26.11,,,,
3.a.5.5.2,Biopsia abierta de glándula o conducto salival,26.12,,,,
3.a.5.6,Procedimientos diagnósticos sobre la cavidad oral,27.2,,,,
3.a.5.6.1,Biopsia del paladar óseo,27.21,,,,
3.a.5.6.2,Biopsia de úvula y paladar blando,27.22,,,,
3.a.5.6.3,Biopsia de labio,27.23,,,,
3.a.5.7,Procedimientos diagnósticos sobre amígdalas y adenoides,28.1,,,,
3.a.5.7.1,Biopsia de amígdalas y adenoides,28.11,,,,
3.a.5.7.2,Otros procedimientos diagnósticos sobre amígdalas y adenoides,28.19,,,,
3.a.5.7.2.1,Curetaje biópsico de Cavum,142,,,,
3.a.5.8,Procedimientos diagnósticos sobre faringe,29.1,,,,
3.a.5.8.1,Faringoscopia,29.11,,,,
3.a.5.8.2,Biopsia faríngea,29.12,,,,
3.a.5.8.2.1,Biopsia de masa supraglótica,,,,,
3.a.5.8.2.2,Biopsia por Faringoscopía directa en hipofaringe,123,,,,
3.a.5.8.2.3,Biopsia por Faringoscopía indirecta en hipofaringe,124,,,,
3.a.6,Procedimientos en el sistema respiratorio,,,,,
3.a.6.1,Procedimientos diagnósticos sobre laringe y tráquea,31.4,,,,
3.a.6.1.1,Laringoscopia y otra traqueoscopia,31.42,,,,
3.a.6.1.1.1,Laringoscopía indirecta,,,,,
3.a.6.1.2,Biopsia cerrada de laringe [endoscópica],31.43,,,,
3.a.6.1.3,Biopsia cerrada de tráquea [endoscópica],31.44,,,,
3.a.6.2,Procedimientos diagnósticos sobre pulmón y bronquio,33.2,,,,
3.a.6.2.1,Broncoscopía a través de estoma artificial,33.21,,,,
3.a.6.2.2,Broncoscopía fibroóptica,33.22,,,,
3.a.6.2.3,Biopsia cerrada bronquial [endoscópica],33.24,,,,
3.a.6.2.3.1,Broncoscopía (fibroóptica) (rígida) con:,,,,,
3.a.6.2.3.1.1,biopsia por escición,,,,,
3.a.6.2.3.1.2,biopsia por cepillado de pulmón,,,,,
3.a.6.2.3.1.3,cepillado o lavado para recogida de muestra (lavado bronco-alveolar),,,,,
3.a.6.2.4,Biopsia percutánea [aguja] de pulmón,33.26,,,,
3.a.6.2.5,Biopsia endoscópica de pulmón,33.27,,,,
3.a.6.2.5.1,Biopsia pulmonar transbronquial,,,,,
3.a.6.2.5.2,Broncoscopía por fibroóptica (flexible) con guía fluoroscópica con biopsia,,,,,
3.a.6.2.6,Biopsia abierta de pulmón,33.28,,,,
3.a.6.3,"Procedimientos diagnósticos sobre pared torácica, pleura, mediastino y diafragma",34.2,,,,
3.a.6.3.1,Toracoscopía transpleural,34.21,,,,
3.a.6.3.2,Mediastinoscopía,34.22,,,,
3.a.6.3.2.1,Pleuroscopía,,,,,
3.a.6.3.3,Biopsia de pared torácica,34.23,,,,
3.a.6.3.4,Biopsia pleural,34.24,,,,
3.a.6.3.5,Biopsia percutánea [aguja] de mediastino,34.25,,,,
3.a.6.3.6,Biopsia abierta mediastínica,34.26,,,,
3.a.6.3.7,Biopsia de diafragma,34.27,,,,
3.a.7,Procedimientos en el sistema cardiovascular,,,,,
3.a.7.1,Procedimientos diagnósticos sobre corazón y pericardio,37.2,,,,
3.a.7.1.1,Cateterismo cardiaco del lado derecho del corazón (FNR),37.21,,,,
3.a.7.1.2,Cateterismo cardiaco del lado izquierdo del corazón (FNR),37.22,,,,
3.a.7.1.3,Cateterismo combinado de los lados derecho e izquierdo del corazón (FNR),37.23,,,,
3.a.7.1.4,Biopsia de pericardio,37.24,,,,
3.a.7.1.5,Biopsia de corazón,37.25,,,,
3.a.7.2,Procedimientos diagnósticos sobre vasos sanguíneos,38.2,,,,
3.a.7.2.1,Biopsia de vaso sanguíneo,38.21,,,,
3.a.7.2.2,Angioscopía percutánea,38.22,,,,
3.a.8,Procedimientos en los sistemas hemos y linfáticos,,,,,
3.a.8.1,Procedimientos diagnósticos sobre estructuras linfáticas,40.1,,,,
3.a.8.1.1,Biopsia de estructura linfática,40.11,,,,
3.a.8.1.1.1,Biopsia ganglionar superficial,2,,,,
3.a.8.1.1.2,Biopsia ganglionar profunda (mediastino; retroperitoneo; profunda de cuello),3,,,,
3.a.8.1.2,Procedimientos diagnósticos sobre médula ósea y bazo,41.3,,,,
3.a.8.1.3,Biopsia de médula ósea,41.31,,,,
3.a.9,Procedimientos en el sistema digestivo (con o sin anestesia),,,,,
3.a.9.1,Procedimientos diagnósticos sobre esófago,42.2,,,,
3.a.9.1.1,Esofagoscopía operatoria por incisión,42.21,,,,
3.a.9.1.2,Esofagoscopía a través de estoma artificial,42.22,,,,
3.a.9.1.3,Biopsia de esófago endoscópica,42.24,,,,
3.a.9.1.3.1,Biopsia por aspiración del esófago,,,,,
3.a.9.1.3.2,Esofagoscopía con biopsia,,,,,
3.a.9.1.4,Biopsia abierta de esófago,42.25,,,,
3.a.9.2,Procedimientos diagnósticos sobre estómago,44.1,,,,
3.a.9.2.1,Gastroscopía transabdominal,44.11,,,,
3.a.9.2.1.1,Gastroscopía intraoperatoria,,,,,
3.a.9.2.2,Gastroscopía a través de estoma artificial,44.12,,,,
3.a.9.2.3,Biopsia de estómago endoscópica,44.14,,,,
3.a.9.2.4,Biopsia abierta del estómago,44.15,,,,
3.a.9.3,Procedimientos diagnósticos sobre el intestino delgado,45.1,,,,
3.a.9.3.1,Endoscopia transabdominal de intestino delgado,45.11,,,,
3.a.9.3.1.1,Endoscopia intraoperatoria de intestino delgado,,,,,
3.a.9.3.2,Endoscopia de intestino delgado a través de estoma artificial,45.12,,,,
3.a.9.3.3,Esofagogastroduodenoscopía [EGD],45.13,,,,
3.a.9.3.4,Biopsia cerrada [endoscópica] de intestino delgado,45.14,,,,
3.a.9.3.5,Biopsia abierta de intestino delgado,45.15,,,,
3.a.9.3.6,Esofagogastroduodenoscopía [EGD] con biopsia cerrada,45.16,,,,
3.a.9.3.6.1,"Biopsia de uno o más lugares que afectan al esófago, estómago y/o duodeno",,,,,
3.a.9.4,Procedimientos diagnósticos sobre intestino grueso,45.2,,,,
3.a.9.4.1,Endoscopia intraoperatoria del intestino grueso,45.21,,,,
3.a.9.4.2,Endoscopia de intestino grueso a través de estoma artificial,45.22,,,,
3.a.9.4.3,Colonoscopía,45.23,,,,
3.a.9.4.3.1,Colonoscopía por fibra óptica flexible,,,,,
3.a.9.4.4,Sigmoidoscopía flexible,45.24,,,,
3.a.9.4.4.1,Endoscopía de colon descendente,,,,,
3.a.9.4.5,Biopsia cerrada [endoscópica] del intestino grueso,45.25,,,,
3.a.9.4.5.1,Colonoscopía con biopsia,,,,,
3.a.9.4.6,Biopsia abierta de intestino grueso,45.26,,,,
3.a.9.5,"Procedimientos diagnósticos sobre recto, rectosigmoide y tejido perirrectal",48.2,,,,
3.a.9.5.1,Proctosigmoidoscopía transabdominal,48.21,,,,
3.a.9.5.1.1,Proctosigmoidoscopía intraoperatoria,,,,,
3.a.9.5.2,Proctosigmoidoscopía a través de estoma artificial,48.22,,,,
3.a.9.5.3,Proctosigmoidoscopía rígida,48.23,,,,
3.a.9.5.4,Biopsia cerrada [endoscópica],48.24,,,,
3.a.9.5.4.1,Proctosigmoidoscopía con biopsia,,,,,
3.a.9.5.5,Biopsia de tejido perirrectal,48.26,,,,
3.a.9.6,Procedimientos diagnósticos sobre ano y tejido perianal,49.2,,,,
3.a.9.6.1,Anuscopia,49.21,,,,
3.a.9.6.2,Biopsia de tejido perianal,49.22,,,,
3.a.9.6.3,Biopsia de ano,49.23,,,,
3.a.9.7,Procedimiento diagnóstico sobre hígado,50.1,,,,
3.a.9.7.1,Biopsia cerrada [con aguja] (percutánea) de hígado,50.11,,,,
3.a.9.7.1.1,Aspiración diagnóstica de hígado,,,,,
3.a.9.7.2,Biopsia abierta de hígado,50.12,,,,
3.a.9.7.2.1,Biopsia en cuña,,,,,
3.a.9.8,Procedimientos diagnósticos sobre la vía biliar principal,51.1,,,,
3.a.9.8.1,Colangiopancreatografía retrógrada endoscópica [CPRE],51.1,,,,
3.a.9.8.2,Colangiografía retrógrada endoscópica [CRE],51.11,,,,
3.a.9.8.3,Biopsia percutánea de vesícula biliar o vías biliares,51.12,,,,
3.a.9.8.3.1,Biopsia por aguja de vesícula biliar,,,,,
3.a.9.8.4,Biopsia abierta de vesícula biliar o conductos biliares,51.13,,,,
3.a.9.8.5,Cepillado o lavado de vías biliares o esfínter de Oddi [por endoscopia] para colección de muestras,51.14,,,,
3.a.9.9,Procedimientos diagnósticos sobre páncreas,52.1,,,,
3.a.9.9.1,Biopsia (por aspiración) [aguja] cerrada de páncreas,52.11,,,,
3.a.9.9.2,Biopsia abierta de páncreas,52.12,,,,
3.a.9.9.3,Pancreatografía retrógrada endoscópica [PRE],52.13,,,,
3.a.9.10,Procedimientos diagnósticos de la región abdominal,54.2,,,,
3.a.9.10.1,Laparoscopía,54.21,,,,
3.a.9.10.1.1,Peritoneoscopía,,,,,
3.a.9.10.2,Biopsia de pared abdominal u ombligo,54.22,,,,
3.a.9.10.3,Biopsia de peritoneo,54.23,,,,
3.a.9.10.3.1,Biopsia de:,,,,,
3.a.9.10.3.1.1,Epiplón,,,,,
3.a.9.10.3.1.2,implante peritoneal,,,,,
3.a.9.10.4,Biopsia cerrada [percutánea] [con aguja] de masa intraabdominal,54.24,,,,
3.a.9.10.4.1,Biopsia cerrada de:,,,,,
3.a.9.10.4.1.1,Epiplón,,,,,
3.a.9.10.4.1.2,Peritoneo,,,,,
3.a.9.10.5,Lavado peritoneal diagnóstico,54.25,,,,
3.a.10,Procedimientos en el sistema urinario,,,,,
3.a.10.1,Procedimientos diagnósticos sobre riñón,55.2,,,,
3.a.10.1.1,Biopsia [percutánea] [aguja] cerrada de riñón,55.23,,,,
3.a.10.1.2,Biopsia abierta de riñón,55.24,,,,
3.a.10.2,Procedimientos de diagnóstico en uréter,56.3,,,,
3.a.10.2.1,Ureteroscopía (S/Normatización)Ureteroscopía (S/Normatización),56.31,,,,
3.a.10.2.2,Biopsia abierta de uréter,56.34,,,,
3.a.10.2.3,Endoscopia (cistoscopia) del conducto ileal,56.35,,,,
3.a.10.3,Procedimientos diagnósticos en vejiga,57.3,,,,
3.a.10.3.1,Cistoscopia a través de estoma artificial,57.31,,,,
3.a.10.3.2,Cistoscopia 